id,code,officialName,operating,latitude,longitude,type,timeSeries
5cebf1df3d0f4a073c4bbbac,03360,Trois-Rivières,True,46.3405,-72.539167,PERMANENT,"[{'id': '5cebf1df3d0f4a073c4bbb9b', 'code': 'wlo', 'nameEn': 'Water level official value', 'nameFr': ""Niveau d'eau, valeur officielle"", 'phenomenonId': '5ce598df487b84486892821c'}, {'id': '5cebf1df3d0f4a073c4bbba1', 'code': 'wlp', 'nameEn': 'Water level predictions', 'nameFr': ""Prédictions de niveaux d'eau"", 'phenomenonId': '5ce598df487b84486892821c'}, {'id': '5cebf1df3d0f4a073c4bbba4', 'code': 'wt1', 'nameEn': 'Water temperature sensor 1', 'nameFr': ""Température de l'eau, capteur 1"", 'phenomenonId': '5ce598df487b84486892821f'}, {'id': '5d9dd7c233a9f593161c3f05', 'code': 'wlp-hilo', 'nameEn': 'High and Low Tide Predictions', 'nameFr': 'Prédictions de pleines et basses mers', 'phenomenonId': '5ce598df487b84486892821c'}, {'id': '5dc1c1b26828eee38e1e0928', 'code': 'wlf-spine', 'nameEn': 'Water level forecasts generated by SPINE', 'nameFr': ""Prévisions de niveaux d'eau générées par SPINE"", 'phenomenonId': '5ce598df487b84486892821c'}]"
5cebf1e03d0f4a073c4bbdee,15540,Montréal rue Frontenac,True,45.528667,-73.5425,PERMANENT,"[{'id': '5cebf1e03d0f4a073c4bbdde', 'code': 'wt1', 'nameEn': 'Water temperature sensor 1', 'nameFr': ""Température de l'eau, capteur 1"", 'phenomenonId': '5ce598df487b84486892821f'}, {'id': '5cebf1e03d0f4a073c4bbde3', 'code': 'wlp', 'nameEn': 'Water level predictions', 'nameFr': ""Prédictions de niveaux d'eau"", 'phenomenonId': '5ce598df487b84486892821c'}, {'id': '5cebf1e03d0f4a073c4bbde4', 'code': 'wlo', 'nameEn': 'Water level official value', 'nameFr': ""Niveau d'eau, valeur officielle"", 'phenomenonId': '5ce598df487b84486892821c'}, {'id': '5dc1c1b26828eee38e1e092b', 'code': 'wlf-spine', 'nameEn': 'Water level forecasts generated by SPINE', 'nameFr': ""Prévisions de niveaux d'eau générées par SPINE"", 'phenomenonId': '5ce598df487b84486892821c'}]"
5cebf1e43d0f4a073c4bc427,03424,Baie-Sainte-Catherine,True,48.126333,-69.72975,PERMANENT,"[{'id': '5cebf1e43d0f4a073c4bc41d', 'code': 'wlf', 'nameEn': 'Water level forecasts generated by the FMS', 'nameFr': ""Prévisions de niveaux d'eau générées par le FMS"", 'phenomenonId': '5ce598df487b84486892821c'}, {'id': '5cebf1e43d0f4a073c4bc41e', 'code': 'wlp', 'nameEn': 'Water level predictions', 'nameFr': ""Prédictions de niveaux d'eau"", 'phenomenonId': '5ce598df487b84486892821c'}, {'id': '5cebf1e43d0f4a073c4bc422', 'code': 'wlo', 'nameEn': 'Water level official value', 'nameFr': ""Niveau d'eau, valeur officielle"", 'phenomenonId': '5ce598df487b84486892821c'}, {'id': '5d9dd7e033a9f593161c41ec', 'code': 'wlp-hilo', 'nameEn': 'High and Low Tide Predictions', 'nameFr': 'Prédictions de pleines et basses mers', 'phenomenonId': '5ce598df487b84486892821c'}]"
5cebf1de3d0f4a073c4bb94c,07795,Point Atkinson,True,49.337,-123.253,PERMANENT,"[{'id': '5cebf1de3d0f4a073c4bb94b', 'code': 'wlp', 'nameEn': 'Water level predictions', 'nameFr': ""Prédictions de niveaux d'eau"", 'phenomenonId': '5ce598df487b84486892821c'}, {'id': '5d9dd7b933a9f593161c3e57', 'code': 'wlp-hilo', 'nameEn': 'High and Low Tide Predictions', 'nameFr': 'Prédictions de pleines et basses mers', 'phenomenonId': '5ce598df487b84486892821c'}, {'id': '5ddeee612a8a340001a3676f', 'code': 'wlo', 'nameEn': 'Water level official value', 'nameFr': ""Niveau d'eau, valeur officielle"", 'phenomenonId': '5ce598df487b84486892821c'}]"
5cebf1e43d0f4a073c4bc3bc,11995,Amherstburg,True,42.144437,-83.114054,PERMANENT,"[{'id': '5d4350349c83ea0001b1ae25', 'code': 'wlo', 'nameEn': 'Water level official value', 'nameFr': ""Niveau d'eau, valeur officielle"", 'phenomenonId': '5ce598df487b84486892821c'}, {'id': '5ebac6aeebf0686026513b50', 'code': 'wlf', 'nameEn': 'Water level forecasts generated by the FMS', 'nameFr': ""Prévisions de niveaux d'eau générées par le FMS"", 'phenomenonId': '5ce598df487b84486892821c'}]"
5cebf1e33d0f4a073c4bc21f,01700,Charlottetown,True,46.23012108,-63.1221766,PERMANENT,"[{'id': '5cebf1e33d0f4a073c4bc21a', 'code': 'wlo', 'nameEn': 'Water level official value', 'nameFr': ""Niveau d'eau, valeur officielle"", 'phenomenonId': '5ce598df487b84486892821c'}, {'id': '5cebf1e33d0f4a073c4bc21c', 'code': 'wlf', 'nameEn': 'Water level forecasts generated by the FMS', 'nameFr': ""Prévisions de niveaux d'eau générées par le FMS"", 'phenomenonId': '5ce598df487b84486892821c'}, {'id': '5cebf1e33d0f4a073c4bc21e', 'code': 'wlp', 'nameEn': 'Water level predictions', 'nameFr': ""Prédictions de niveaux d'eau"", 'phenomenonId': '5ce598df487b84486892821c'}, {'id': '5d9dd7da33a9f593161c4159', 'code': 'wlp-hilo', 'nameEn': 'High and Low Tide Predictions', 'nameFr': 'Prédictions de pleines et basses mers', 'phenomenonId': '5ce598df487b84486892821c'}]"
5cebf1e43d0f4a073c4bc38f,11070,Thessalon,True,46.254005,-83.551069,PERMANENT,"[{'id': '5cebf1e43d0f4a073c4bc38b', 'code': 'wlo', 'nameEn': 'Water level official value', 'nameFr': ""Niveau d'eau, valeur officielle"", 'phenomenonId': '5ce598df487b84486892821c'}, {'id': '5ebabf0aebf06860265100e4', 'code': 'wlf', 'nameEn': 'Water level forecasts generated by the FMS', 'nameFr': ""Prévisions de niveaux d'eau générées par le FMS"", 'phenomenonId': '5ce598df487b84486892821c'}]"
5cebf1e43d0f4a073c4bc3c2,12250,Erieau,True,42.26016,-81.914609,PERMANENT,"[{'id': '5d444bd59c83ea0001b1ae6f', 'code': 'wlo', 'nameEn': 'Water level official value', 'nameFr': ""Niveau d'eau, valeur officielle"", 'phenomenonId': '5ce598df487b84486892821c'}, {'id': '5ebabcbdebf068602650edaf', 'code': 'wlf', 'nameEn': 'Water level forecasts generated by the FMS', 'nameFr': ""Prévisions de niveaux d'eau générées par le FMS"", 'phenomenonId': '5ce598df487b84486892821c'}]"
5cebf1e23d0f4a073c4bc123,00612,North Sydney,True,46.20897,-60.245314,PERMANENT,"[{'id': '5cebf1e23d0f4a073c4bc11d', 'code': 'wlf', 'nameEn': 'Water level forecasts generated by the FMS', 'nameFr': ""Prévisions de niveaux d'eau générées par le FMS"", 'phenomenonId': '5ce598df487b84486892821c'}, {'id': '5cebf1e23d0f4a073c4bc11f', 'code': 'wlo', 'nameEn': 'Water level official value', 'nameFr': ""Niveau d'eau, valeur officielle"", 'phenomenonId': '5ce598df487b84486892821c'}, {'id': '5cebf1e23d0f4a073c4bc121', 'code': 'wlp', 'nameEn': 'Water level predictions', 'nameFr': ""Prédictions de niveaux d'eau"", 'phenomenonId': '5ce598df487b84486892821c'}, {'id': '5d9dd7d533a9f593161c40e9', 'code': 'wlp-hilo', 'nameEn': 'High and Low Tide Predictions', 'nameFr': 'Prédictions de pleines et basses mers', 'phenomenonId': '5ce598df487b84486892821c'}]"
5cebf1de3d0f4a073c4bb925,09140,Kitimat,True,53.989,-128.696,PERMANENT,"[{'id': '5cebf1de3d0f4a073c4bb920', 'code': 'wlf', 'nameEn': 'Water level forecasts generated by the FMS', 'nameFr': ""Prévisions de niveaux d'eau générées par le FMS"", 'phenomenonId': '5ce598df487b84486892821c'}, {'id': '5cebf1de3d0f4a073c4bb921', 'code': 'wlo', 'nameEn': 'Water level official value', 'nameFr': ""Niveau d'eau, valeur officielle"", 'phenomenonId': '5ce598df487b84486892821c'}, {'id': '5cebf1de3d0f4a073c4bb923', 'code': 'wlp', 'nameEn': 'Water level predictions', 'nameFr': ""Prédictions de niveaux d'eau"", 'phenomenonId': '5ce598df487b84486892821c'}, {'id': '5d9dd7b933a9f593161c3e4b', 'code': 'wlp-hilo', 'nameEn': 'High and Low Tide Predictions', 'nameFr': 'Prédictions de pleines et basses mers', 'phenomenonId': '5ce598df487b84486892821c'}]"
5cebf1e43d0f4a073c4bc45a,07780,Ambleside,True,49.326,-123.155,PERMANENT,"[{'id': '5cebf1e43d0f4a073c4bc454', 'code': 'wlf', 'nameEn': 'Water level forecasts generated by the FMS', 'nameFr': ""Prévisions de niveaux d'eau générées par le FMS"", 'phenomenonId': '5ce598df487b84486892821c'}, {'id': '5cebf1e43d0f4a073c4bc455', 'code': 'wlp', 'nameEn': 'Water level predictions', 'nameFr': ""Prédictions de niveaux d'eau"", 'phenomenonId': '5ce598df487b84486892821c'}, {'id': '5cebf1e43d0f4a073c4bc456', 'code': 'wlo', 'nameEn': 'Water level official value', 'nameFr': ""Niveau d'eau, valeur officielle"", 'phenomenonId': '5ce598df487b84486892821c'}, {'id': '5d9dd7e033a9f593161c41f4', 'code': 'wlp-hilo', 'nameEn': 'High and Low Tide Predictions', 'nameFr': 'Prédictions de pleines et basses mers', 'phenomenonId': '5ce598df487b84486892821c'}]"
5cebf1e23d0f4a073c4bc07c,08615,Tofino,True,49.154,-125.913,PERMANENT,"[{'id': '5cebf1e23d0f4a073c4bc076', 'code': 'wlf', 'nameEn': 'Water level forecasts generated by the FMS', 'nameFr': ""Prévisions de niveaux d'eau générées par le FMS"", 'phenomenonId': '5ce598df487b84486892821c'}, {'id': '5cebf1e23d0f4a073c4bc077', 'code': 'wlo', 'nameEn': 'Water level official value', 'nameFr': ""Niveau d'eau, valeur officielle"", 'phenomenonId': '5ce598df487b84486892821c'}, {'id': '5cebf1e23d0f4a073c4bc078', 'code': 'wlp', 'nameEn': 'Water level predictions', 'nameFr': ""Prédictions de niveaux d'eau"", 'phenomenonId': '5ce598df487b84486892821c'}, {'id': '5d9dd7d333a9f593161c40ac', 'code': 'wlp-hilo', 'nameEn': 'High and Low Tide Predictions', 'nameFr': 'Prédictions de pleines et basses mers', 'phenomenonId': '5ce598df487b84486892821c'}]"
5cebf1e23d0f4a073c4bc102,11445,Midland,True,44.752883,-79.887967,PERMANENT,"[{'id': '5cebf1e23d0f4a073c4bc0ff', 'code': 'wlo', 'nameEn': 'Water level official value', 'nameFr': ""Niveau d'eau, valeur officielle"", 'phenomenonId': '5ce598df487b84486892821c'}, {'id': '5ebac03eebf0686026510a68', 'code': 'wlf', 'nameEn': 'Water level forecasts generated by the FMS', 'nameFr': ""Prévisions de niveaux d'eau générées par le FMS"", 'phenomenonId': '5ce598df487b84486892821c'}]"
5cebf1e03d0f4a073c4bbd76,14940,Summerstown,True,45.059948,-74.554094,PERMANENT,"[{'id': '5cebf1e03d0f4a073c4bbd73', 'code': 'wlo', 'nameEn': 'Water level official value', 'nameFr': ""Niveau d'eau, valeur officielle"", 'phenomenonId': '5ce598df487b84486892821c'}, {'id': '5ebae7c9ebf0686026520b24', 'code': 'wlf', 'nameEn': 'Water level forecasts generated by the FMS', 'nameFr': ""Prévisions de niveaux d'eau générées par le FMS"", 'phenomenonId': '5ce598df487b84486892821c'}]"
5cebf1e43d0f4a073c4bc391,11195,Little Current,True,45.981551,-81.926492,PERMANENT,"[{'id': '5dd306f1e0fdc4b9b4bfaa2c', 'code': 'wlo', 'nameEn': 'Water level official value', 'nameFr': ""Niveau d'eau, valeur officielle"", 'phenomenonId': '5ce598df487b84486892821c'}, {'id': '5ebabf71ebf06860265103fa', 'code': 'wlf', 'nameEn': 'Water level forecasts generated by the FMS', 'nameFr': ""Prévisions de niveaux d'eau générées par le FMS"", 'phenomenonId': '5ce598df487b84486892821c'}]"
5cebf1e43d0f4a073c4bc404,07707,Kitsilano,True,49.2767,-123.13925,PERMANENT,"[{'id': '5cebf1e43d0f4a073c4bc3ff', 'code': 'wlf', 'nameEn': 'Water level forecasts generated by the FMS', 'nameFr': ""Prévisions de niveaux d'eau générées par le FMS"", 'phenomenonId': '5ce598df487b84486892821c'}, {'id': '5cebf1e43d0f4a073c4bc400', 'code': 'wlp', 'nameEn': 'Water level predictions', 'nameFr': ""Prédictions de niveaux d'eau"", 'phenomenonId': '5ce598df487b84486892821c'}, {'id': '5cebf1e43d0f4a073c4bc401', 'code': 'wlo', 'nameEn': 'Water level official value', 'nameFr': ""Niveau d'eau, valeur officielle"", 'phenomenonId': '5ce598df487b84486892821c'}, {'id': '5d9dd7e033a9f593161c41e9', 'code': 'wlp-hilo', 'nameEn': 'High and Low Tide Predictions', 'nameFr': 'Prédictions de pleines et basses mers', 'phenomenonId': '5ce598df487b84486892821c'}]"
5cebf1e43d0f4a073c4bc441,09227,Bonilla Island,True,53.493806,-130.636972,PERMANENT,"[{'id': '5cebf1e43d0f4a073c4bc43c', 'code': 'wlf', 'nameEn': 'Water level forecasts generated by the FMS', 'nameFr': ""Prévisions de niveaux d'eau générées par le FMS"", 'phenomenonId': '5ce598df487b84486892821c'}, {'id': '5cebf1e43d0f4a073c4bc43e', 'code': 'wlp', 'nameEn': 'Water level predictions', 'nameFr': ""Prédictions de niveaux d'eau"", 'phenomenonId': '5ce598df487b84486892821c'}, {'id': '5d9dd7e033a9f593161c41f0', 'code': 'wlp-hilo', 'nameEn': 'High and Low Tide Predictions', 'nameFr': 'Prédictions de pleines et basses mers', 'phenomenonId': '5ce598df487b84486892821c'}]"
5cebf1e13d0f4a073c4bbf93,07654,New Westminster,True,49.2,-122.91,PERMANENT,"[{'id': '5cebf1e13d0f4a073c4bbf8f', 'code': 'wlf', 'nameEn': 'Water level forecasts generated by the FMS', 'nameFr': ""Prévisions de niveaux d'eau générées par le FMS"", 'phenomenonId': '5ce598df487b84486892821c'}, {'id': '5cebf1e13d0f4a073c4bbf90', 'code': 'wlp', 'nameEn': 'Water level predictions', 'nameFr': ""Prédictions de niveaux d'eau"", 'phenomenonId': '5ce598df487b84486892821c'}, {'id': '5cebf1e13d0f4a073c4bbf91', 'code': 'wlo', 'nameEn': 'Water level official value', 'nameFr': ""Niveau d'eau, valeur officielle"", 'phenomenonId': '5ce598df487b84486892821c'}, {'id': '5d9dd7cf33a9f593161c404b', 'code': 'wlp-hilo', 'nameEn': 'High and Low Tide Predictions', 'nameFr': 'Prédictions de pleines et basses mers', 'phenomenonId': '5ce598df487b84486892821c'}]"
5dd3064de0fdc4b9b4be6647,15860,Lanoraie,True,45.959167,-73.214444,PERMANENT,"[{'id': '60a3b9e00f90a922902435d0', 'code': 'wlo', 'nameEn': 'Water level official value', 'nameFr': ""Niveau d'eau, valeur officielle"", 'phenomenonId': '5ce598df487b84486892821c'}]"
5cebf1e43d0f4a073c4bc3cf,12865,Port Colborne,True,42.874377,-79.252853,PERMANENT,"[{'id': '5cebf1e43d0f4a073c4bc3c9', 'code': 'wlo', 'nameEn': 'Water level official value', 'nameFr': ""Niveau d'eau, valeur officielle"", 'phenomenonId': '5ce598df487b84486892821c'}, {'id': '5ebabd9cebf068602650f4b8', 'code': 'wlf', 'nameEn': 'Water level forecasts generated by the FMS', 'nameFr': ""Prévisions de niveaux d'eau générées par le FMS"", 'phenomenonId': '5ce598df487b84486892821c'}]"
5cebf1e03d0f4a073c4bbd69,14805,Long Sault Dam,True,44.998333,-74.861667,TEMPORARY,"[{'id': '5cebf1e03d0f4a073c4bbd65', 'code': 'wlo', 'nameEn': 'Water level official value', 'nameFr': ""Niveau d'eau, valeur officielle"", 'phenomenonId': '5ce598df487b84486892821c'}, {'id': '5d9dd7c933a9f593161c3fbd', 'code': 'wlp-hilo', 'nameEn': 'High and Low Tide Predictions', 'nameFr': 'Prédictions de pleines et basses mers', 'phenomenonId': '5ce598df487b84486892821c'}]"
5cebf1e43d0f4a073c4bc42d,07610,Woodward's Landing,True,49.1251,-123.0754,PERMANENT,"[{'id': '5cebf1e43d0f4a073c4bc428', 'code': 'wlp', 'nameEn': 'Water level predictions', 'nameFr': ""Prédictions de niveaux d'eau"", 'phenomenonId': '5ce598df487b84486892821c'}, {'id': '5cebf1e43d0f4a073c4bc429', 'code': 'wlo', 'nameEn': 'Water level official value', 'nameFr': ""Niveau d'eau, valeur officielle"", 'phenomenonId': '5ce598df487b84486892821c'}, {'id': '5cebf1e43d0f4a073c4bc42b', 'code': 'wlf', 'nameEn': 'Water level forecasts generated by the FMS', 'nameFr': ""Prévisions de niveaux d'eau générées par le FMS"", 'phenomenonId': '5ce598df487b84486892821c'}, {'id': '5d9dd7e033a9f593161c41ed', 'code': 'wlp-hilo', 'nameEn': 'High and Low Tide Predictions', 'nameFr': 'Prédictions de pleines et basses mers', 'phenomenonId': '5ce598df487b84486892821c'}, {'id': '605d324c2c8e55275706e934', 'code': 'wcs1', 'nameEn': 'Water current speed sensor 1', 'nameFr': 'Vitesse du courant capteur 1', 'phenomenonId': '5d690f3d38604ef9646f03fb'}, {'id': '605d32722c8e55275706e978', 'code': 'wcd1', 'nameEn': 'Water current direction sensor 1', 'nameFr': 'Direction du courant capteur 1', 'phenomenonId': '5e4bf351305b990bbec4dfb9'}]"
5cebf1e13d0f4a073c4bbf8c,07607,Steveston,True,49.1245,-123.1922,PERMANENT,"[{'id': '5cebf1e13d0f4a073c4bbf86', 'code': 'wlo', 'nameEn': 'Water level official value', 'nameFr': ""Niveau d'eau, valeur officielle"", 'phenomenonId': '5ce598df487b84486892821c'}, {'id': '5cebf1e13d0f4a073c4bbf88', 'code': 'wlp', 'nameEn': 'Water level predictions', 'nameFr': ""Prédictions de niveaux d'eau"", 'phenomenonId': '5ce598df487b84486892821c'}, {'id': '5cebf1e13d0f4a073c4bbf8a', 'code': 'wlf', 'nameEn': 'Water level forecasts generated by the FMS', 'nameFr': ""Prévisions de niveaux d'eau générées par le FMS"", 'phenomenonId': '5ce598df487b84486892821c'}, {'id': '5d9dd7cf33a9f593161c404a', 'code': 'wlp-hilo', 'nameEn': 'High and Low Tide Predictions', 'nameFr': 'Prédictions de pleines et basses mers', 'phenomenonId': '5ce598df487b84486892821c'}]"
5cebf1de3d0f4a073c4bba2d,09713,Rose Harbour,True,52.1552,-131.0909,PERMANENT,"[{'id': '5cebf1de3d0f4a073c4bba29', 'code': 'wlo', 'nameEn': 'Water level official value', 'nameFr': ""Niveau d'eau, valeur officielle"", 'phenomenonId': '5ce598df487b84486892821c'}, {'id': '5cebf1de3d0f4a073c4bba2b', 'code': 'wlp', 'nameEn': 'Water level predictions', 'nameFr': ""Prédictions de niveaux d'eau"", 'phenomenonId': '5ce598df487b84486892821c'}, {'id': '5d9dd7be33a9f593161c3eba', 'code': 'wlp-hilo', 'nameEn': 'High and Low Tide Predictions', 'nameFr': 'Prédictions de pleines et basses mers', 'phenomenonId': '5ce598df487b84486892821c'}]"
5cebf1e03d0f4a073c4bbd5d,14602,Iroquois Below,True,44.834556,-75.308681,PERMANENT,"[{'id': '5d138c3744fdf300010bdeed', 'code': 'wlo', 'nameEn': 'Water level official value', 'nameFr': ""Niveau d'eau, valeur officielle"", 'phenomenonId': '5ce598df487b84486892821c'}, {'id': '5ebae88bebf068602652103d', 'code': 'wlf', 'nameEn': 'Water level forecasts generated by the FMS', 'nameFr': ""Prévisions de niveaux d'eau générées par le FMS"", 'phenomenonId': '5ce598df487b84486892821c'}]"
5dd3064de0fdc4b9b4be664b,15916,Barrage Fryer,True,45.398333,-73.258333,TEMPORARY,"[{'id': '5e9de64ace811b000186fe5f', 'code': 'wlo', 'nameEn': 'Water level official value', 'nameFr': ""Niveau d'eau, valeur officielle"", 'phenomenonId': '5ce598df487b84486892821c'}]"
5cebf1e43d0f4a073c4bc480,15330,Pointe-Claire,True,45.427667,-73.820667,PERMANENT,"[{'id': '5cebf1e43d0f4a073c4bc47a', 'code': 'wlo', 'nameEn': 'Water level official value', 'nameFr': ""Niveau d'eau, valeur officielle"", 'phenomenonId': '5ce598df487b84486892821c'}]"
5cebf1e23d0f4a073c4bbfc7,06380,Ulukhaktok,True,70.736528,-117.756278,PERMANENT,"[{'id': '5cebf1e23d0f4a073c4bbfc1', 'code': 'wlf', 'nameEn': 'Water level forecasts generated by the FMS', 'nameFr': ""Prévisions de niveaux d'eau générées par le FMS"", 'phenomenonId': '5ce598df487b84486892821c'}, {'id': '5cebf1e23d0f4a073c4bbfc3', 'code': 'wlp', 'nameEn': 'Water level predictions', 'nameFr': ""Prédictions de niveaux d'eau"", 'phenomenonId': '5ce598df487b84486892821c'}, {'id': '5cebf1e23d0f4a073c4bbfc4', 'code': 'wlo', 'nameEn': 'Water level official value', 'nameFr': ""Niveau d'eau, valeur officielle"", 'phenomenonId': '5ce598df487b84486892821c'}, {'id': '5d9dd7d033a9f593161c405f', 'code': 'wlp-hilo', 'nameEn': 'High and Low Tide Predictions', 'nameFr': 'Prédictions de pleines et basses mers', 'phenomenonId': '5ce598df487b84486892821c'}]"
5cebf1e43d0f4a073c4bc469,09346,Prince Rupert RoRo,True,54.234885,-130.335097,PERMANENT,"[{'id': '5cebf1e43d0f4a073c4bc464', 'code': 'wlo', 'nameEn': 'Water level official value', 'nameFr': ""Niveau d'eau, valeur officielle"", 'phenomenonId': '5ce598df487b84486892821c'}, {'id': '5cebf1e43d0f4a073c4bc466', 'code': 'wlf', 'nameEn': 'Water level forecasts generated by the FMS', 'nameFr': ""Prévisions de niveaux d'eau générées par le FMS"", 'phenomenonId': '5ce598df487b84486892821c'}, {'id': '5cebf1e43d0f4a073c4bc467', 'code': 'wlp', 'nameEn': 'Water level predictions', 'nameFr': ""Prédictions de niveaux d'eau"", 'phenomenonId': '5ce598df487b84486892821c'}, {'id': '5d9dd7e033a9f593161c41f5', 'code': 'wlp-hilo', 'nameEn': 'High and Low Tide Predictions', 'nameFr': 'Prédictions de pleines et basses mers', 'phenomenonId': '5ce598df487b84486892821c'}]"
5cebf1e13d0f4a073c4bbeb9,00755,St. Lawrence,True,46.916789,-55.39005,PERMANENT,"[{'id': '5cebf1e13d0f4a073c4bbeb5', 'code': 'wlo', 'nameEn': 'Water level official value', 'nameFr': ""Niveau d'eau, valeur officielle"", 'phenomenonId': '5ce598df487b84486892821c'}, {'id': '5cebf1e13d0f4a073c4bbeb6', 'code': 'wlp', 'nameEn': 'Water level predictions', 'nameFr': ""Prédictions de niveaux d'eau"", 'phenomenonId': '5ce598df487b84486892821c'}, {'id': '5cebf1e13d0f4a073c4bbeb7', 'code': 'wlf', 'nameEn': 'Water level forecasts generated by the FMS', 'nameFr': ""Prévisions de niveaux d'eau générées par le FMS"", 'phenomenonId': '5ce598df487b84486892821c'}, {'id': '5d9dd7cc33a9f593161c3ffc', 'code': 'wlp-hilo', 'nameEn': 'High and Low Tide Predictions', 'nameFr': 'Prédictions de pleines et basses mers', 'phenomenonId': '5ce598df487b84486892821c'}]"
5cebf1e43d0f4a073c4bc41a,03075,Banc du Cap Brûlé,True,47.0895,-70.710833,SEASONAL,"[{'id': '5cebf1e43d0f4a073c4bc412', 'code': 'wlp', 'nameEn': 'Water level predictions', 'nameFr': ""Prédictions de niveaux d'eau"", 'phenomenonId': '5ce598df487b84486892821c'}, {'id': '5d9dd7e033a9f593161c41eb', 'code': 'wlp-hilo', 'nameEn': 'High and Low Tide Predictions', 'nameFr': 'Prédictions de pleines et basses mers', 'phenomenonId': '5ce598df487b84486892821c'}, {'id': '5dc1c1b16828eee38e1e091f', 'code': 'wlf-spine', 'nameEn': 'Water level forecasts generated by SPINE', 'nameFr': ""Prévisions de niveaux d'eau générées par SPINE"", 'phenomenonId': '5ce598df487b84486892821c'}]"
5cebf1e33d0f4a073c4bc1e7,01430,Nain,True,56.54344,-61.686524,PERMANENT,"[{'id': '5cebf1e33d0f4a073c4bc1e2', 'code': 'wlf', 'nameEn': 'Water level forecasts generated by the FMS', 'nameFr': ""Prévisions de niveaux d'eau générées par le FMS"", 'phenomenonId': '5ce598df487b84486892821c'}, {'id': '5cebf1e33d0f4a073c4bc1e3', 'code': 'wlp', 'nameEn': 'Water level predictions', 'nameFr': ""Prédictions de niveaux d'eau"", 'phenomenonId': '5ce598df487b84486892821c'}, {'id': '5cebf1e33d0f4a073c4bc1e6', 'code': 'wlo', 'nameEn': 'Water level official value', 'nameFr': ""Niveau d'eau, valeur officielle"", 'phenomenonId': '5ce598df487b84486892821c'}, {'id': '5d9dd7d933a9f593161c413f', 'code': 'wlp-hilo', 'nameEn': 'High and Low Tide Predictions', 'nameFr': 'Prédictions de pleines et basses mers', 'phenomenonId': '5ce598df487b84486892821c'}]"
5dd3064de0fdc4b9b4be664c,15935,Memphrémagog,True,45.2675,-72.161389,TEMPORARY,"[{'id': '60a3ba9f0f90a922902437b6', 'code': 'wlo', 'nameEn': 'Water level official value', 'nameFr': ""Niveau d'eau, valeur officielle"", 'phenomenonId': '5ce598df487b84486892821c'}]"
5cebf1df3d0f4a073c4bbbf3,03980,Qikiqtarjuaq,True,67.56052,-64.031752,PERMANENT,"[{'id': '5cebf1df3d0f4a073c4bbbf2', 'code': 'wlp', 'nameEn': 'Water level predictions', 'nameFr': ""Prédictions de niveaux d'eau"", 'phenomenonId': '5ce598df487b84486892821c'}, {'id': '5d9dd7c233a9f593161c3f14', 'code': 'wlp-hilo', 'nameEn': 'High and Low Tide Predictions', 'nameFr': 'Prédictions de pleines et basses mers', 'phenomenonId': '5ce598df487b84486892821c'}, {'id': '5dd306f3e0fdc4b9b4bfd1ae', 'code': 'wlo', 'nameEn': 'Water level official value', 'nameFr': ""Niveau d'eau, valeur officielle"", 'phenomenonId': '5ce598df487b84486892821c'}]"
5cebf1e43d0f4a073c4bc4ac,12710,Port Dover,True,42.781308,-80.201546,PERMANENT,"[{'id': '5cebf1e43d0f4a073c4bc4a9', 'code': 'wlo', 'nameEn': 'Water level official value', 'nameFr': ""Niveau d'eau, valeur officielle"", 'phenomenonId': '5ce598df487b84486892821c'}, {'id': '5ebabd46ebf068602650f258', 'code': 'wlf', 'nameEn': 'Water level forecasts generated by the FMS', 'nameFr': ""Prévisions de niveaux d'eau générées par le FMS"", 'phenomenonId': '5ce598df487b84486892821c'}]"
5cebf1de3d0f4a073c4bbaaa,03057,Saint-Joseph-de-la-Rive,True,47.448833,-70.3655,PERMANENT,"[{'id': '5cebf1de3d0f4a073c4bba94', 'code': 'wt1', 'nameEn': 'Water temperature sensor 1', 'nameFr': ""Température de l'eau, capteur 1"", 'phenomenonId': '5ce598df487b84486892821f'}, {'id': '5cebf1de3d0f4a073c4bba97', 'code': 'wlp', 'nameEn': 'Water level predictions', 'nameFr': ""Prédictions de niveaux d'eau"", 'phenomenonId': '5ce598df487b84486892821c'}, {'id': '5cebf1de3d0f4a073c4bba9d', 'code': 'wlo', 'nameEn': 'Water level official value', 'nameFr': ""Niveau d'eau, valeur officielle"", 'phenomenonId': '5ce598df487b84486892821c'}, {'id': '5cebf1de3d0f4a073c4bbaa1', 'code': 'ws2', 'nameEn': 'Water salinity sensor 2', 'nameFr': ""Salinité de l'eau, capteur 2"", 'phenomenonId': '5ce598df487b84486892821d'}, {'id': '5d9dd7c033a9f593161c3edf', 'code': 'wlp-hilo', 'nameEn': 'High and Low Tide Predictions', 'nameFr': 'Prédictions de pleines et basses mers', 'phenomenonId': '5ce598df487b84486892821c'}, {'id': '5dc1c1b16828eee38e1e091d', 'code': 'wlf-spine', 'nameEn': 'Water level forecasts generated by SPINE', 'nameFr': ""Prévisions de niveaux d'eau générées par SPINE"", 'phenomenonId': '5ce598df487b84486892821c'}]"
5cebf1e23d0f4a073c4bc0b7,08937,Bella Coola,True,52.374,-126.796,TEMPORARY,"[{'id': '5cebf1e23d0f4a073c4bc0b6', 'code': 'wlp', 'nameEn': 'Water level predictions', 'nameFr': ""Prédictions de niveaux d'eau"", 'phenomenonId': '5ce598df487b84486892821c'}, {'id': '5d9dd7d433a9f593161c40c7', 'code': 'wlp-hilo', 'nameEn': 'High and Low Tide Predictions', 'nameFr': 'Prédictions de pleines et basses mers', 'phenomenonId': '5ce598df487b84486892821c'}, {'id': '5dd306f1e0fdc4b9b4bfa4db', 'code': 'wlo', 'nameEn': 'Water level official value', 'nameFr': ""Niveau d'eau, valeur officielle"", 'phenomenonId': '5ce598df487b84486892821c'}]"
5cebf1de3d0f4a073c4bbae6,03110,Saint-Laurent I.O.,True,46.85816667,-71.00333333,PERMANENT,"[{'id': '5cebf1de3d0f4a073c4bbad9', 'code': 'wlp', 'nameEn': 'Water level predictions', 'nameFr': ""Prédictions de niveaux d'eau"", 'phenomenonId': '5ce598df487b84486892821c'}, {'id': '5cebf1de3d0f4a073c4bbae0', 'code': 'wlo', 'nameEn': 'Water level official value', 'nameFr': ""Niveau d'eau, valeur officielle"", 'phenomenonId': '5ce598df487b84486892821c'}, {'id': '5d9dd7c033a9f593161c3ee8', 'code': 'wlp-hilo', 'nameEn': 'High and Low Tide Predictions', 'nameFr': 'Prédictions de pleines et basses mers', 'phenomenonId': '5ce598df487b84486892821c'}, {'id': '5dc1c1b26828eee38e1e0921', 'code': 'wlf-spine', 'nameEn': 'Water level forecasts generated by SPINE', 'nameFr': ""Prévisions de niveaux d'eau générées par SPINE"", 'phenomenonId': '5ce598df487b84486892821c'}, {'id': '5dd306f2e0fdc4b9b4bfc43a', 'code': 'wt1', 'nameEn': 'Water temperature sensor 1', 'nameFr': ""Température de l'eau, capteur 1"", 'phenomenonId': '5ce598df487b84486892821f'}]"
5cebf1e43d0f4a073c4bc3be,12005,Bar Point,True,42.06173,-83.114957,PERMANENT,"[{'id': '5d444ca99c83ea0001b1ae7e', 'code': 'wlo', 'nameEn': 'Water level official value', 'nameFr': ""Niveau d'eau, valeur officielle"", 'phenomenonId': '5ce598df487b84486892821c'}, {'id': '5ebabbbeebf068602650e9c5', 'code': 'wlf', 'nameEn': 'Water level forecasts generated by the FMS', 'nameFr': ""Prévisions de niveaux d'eau générées par le FMS"", 'phenomenonId': '5ce598df487b84486892821c'}]"
5cebf1e43d0f4a073c4bc3af,11950,Port Lambton,True,42.657298,-82.507029,PERMANENT,"[{'id': '5cebf1e43d0f4a073c4bc3ab', 'code': 'wlo', 'nameEn': 'Water level official value', 'nameFr': ""Niveau d'eau, valeur officielle"", 'phenomenonId': '5ce598df487b84486892821c'}, {'id': '5ebac731ebf068602651400c', 'code': 'wlf', 'nameEn': 'Water level forecasts generated by the FMS', 'nameFr': ""Prévisions de niveaux d'eau générées par le FMS"", 'phenomenonId': '5ce598df487b84486892821c'}]"
5cebf1df3d0f4a073c4bbb76,03335,Deschaillons-sur-Saint-Laurent,True,46.561033,-72.106222,PERMANENT,"[{'id': '5cebf1df3d0f4a073c4bbb64', 'code': 'wlo', 'nameEn': 'Water level official value', 'nameFr': ""Niveau d'eau, valeur officielle"", 'phenomenonId': '5ce598df487b84486892821c'}, {'id': '5cebf1df3d0f4a073c4bbb66', 'code': 'wlp', 'nameEn': 'Water level predictions', 'nameFr': ""Prédictions de niveaux d'eau"", 'phenomenonId': '5ce598df487b84486892821c'}, {'id': '5cebf1df3d0f4a073c4bbb68', 'code': 'wt1', 'nameEn': 'Water temperature sensor 1', 'nameFr': ""Température de l'eau, capteur 1"", 'phenomenonId': '5ce598df487b84486892821f'}, {'id': '5d9dd7c133a9f593161c3f01', 'code': 'wlp-hilo', 'nameEn': 'High and Low Tide Predictions', 'nameFr': 'Prédictions de pleines et basses mers', 'phenomenonId': '5ce598df487b84486892821c'}, {'id': '5dc1c1b26828eee38e1e0925', 'code': 'wlf-spine', 'nameEn': 'Water level forecasts generated by SPINE', 'nameFr': ""Prévisions de niveaux d'eau générées par SPINE"", 'phenomenonId': '5ce598df487b84486892821c'}]"
5cebf1e43d0f4a073c4bc3a3,11860,Goderich,True,43.745354,-81.727796,PERMANENT,"[{'id': '5cebf1e43d0f4a073c4bc39e', 'code': 'wlo', 'nameEn': 'Water level official value', 'nameFr': ""Niveau d'eau, valeur officielle"", 'phenomenonId': '5ce598df487b84486892821c'}, {'id': '5ebac135ebf068602651133d', 'code': 'wlf', 'nameEn': 'Water level forecasts generated by the FMS', 'nameFr': ""Prévisions de niveaux d'eau générées par le FMS"", 'phenomenonId': '5ce598df487b84486892821c'}]"
5cebf1e43d0f4a073c4bc3c0,12065,Kingsville,True,42.026942,-82.734844,PERMANENT,"[{'id': '5dd306f1e0fdc4b9b4bfaf15', 'code': 'wlo', 'nameEn': 'Water level official value', 'nameFr': ""Niveau d'eau, valeur officielle"", 'phenomenonId': '5ce598df487b84486892821c'}, {'id': '5ebabc59ebf068602650ebd3', 'code': 'wlf', 'nameEn': 'Water level forecasts generated by the FMS', 'nameFr': ""Prévisions de niveaux d'eau générées par le FMS"", 'phenomenonId': '5ce598df487b84486892821c'}]"
5cebf1e03d0f4a073c4bbdc0,03365,Port-Saint-François,True,46.2725,-72.619333,PERMANENT,"[{'id': '5cebf1e03d0f4a073c4bbdb3', 'code': 'wlo', 'nameEn': 'Water level official value', 'nameFr': ""Niveau d'eau, valeur officielle"", 'phenomenonId': '5ce598df487b84486892821c'}, {'id': '5cebf1e03d0f4a073c4bbdb4', 'code': 'wt1', 'nameEn': 'Water temperature sensor 1', 'nameFr': ""Température de l'eau, capteur 1"", 'phenomenonId': '5ce598df487b84486892821f'}, {'id': '5cebf1e03d0f4a073c4bbdb7', 'code': 'wlp', 'nameEn': 'Water level predictions', 'nameFr': ""Prédictions de niveaux d'eau"", 'phenomenonId': '5ce598df487b84486892821c'}, {'id': '5dc1c1b26828eee38e1e0929', 'code': 'wlf-spine', 'nameEn': 'Water level forecasts generated by SPINE', 'nameFr': ""Prévisions de niveaux d'eau générées par SPINE"", 'phenomenonId': '5ce598df487b84486892821c'}]"
5cebf1e23d0f4a073c4bc06f,08575,Port Alberni,True,49.233,-124.814,PERMANENT,"[{'id': '5cebf1e23d0f4a073c4bc069', 'code': 'wlo', 'nameEn': 'Water level official value', 'nameFr': ""Niveau d'eau, valeur officielle"", 'phenomenonId': '5ce598df487b84486892821c'}, {'id': '5cebf1e23d0f4a073c4bc06a', 'code': 'wlp', 'nameEn': 'Water level predictions', 'nameFr': ""Prédictions de niveaux d'eau"", 'phenomenonId': '5ce598df487b84486892821c'}, {'id': '5cebf1e23d0f4a073c4bc06d', 'code': 'wlf', 'nameEn': 'Water level forecasts generated by the FMS', 'nameFr': ""Prévisions de niveaux d'eau générées par le FMS"", 'phenomenonId': '5ce598df487b84486892821c'}, {'id': '5d9dd7d333a9f593161c40a8', 'code': 'wlp-hilo', 'nameEn': 'High and Low Tide Predictions', 'nameFr': 'Prédictions de pleines et basses mers', 'phenomenonId': '5ce598df487b84486892821c'}]"
5cebf1e23d0f4a073c4bc062,08545,Bamfield,True,48.836,-125.136,PERMANENT,"[{'id': '5cebf1e23d0f4a073c4bc061', 'code': 'wlp', 'nameEn': 'Water level predictions', 'nameFr': ""Prédictions de niveaux d'eau"", 'phenomenonId': '5ce598df487b84486892821c'}, {'id': '5d9dd7d333a9f593161c40a4', 'code': 'wlp-hilo', 'nameEn': 'High and Low Tide Predictions', 'nameFr': 'Prédictions de pleines et basses mers', 'phenomenonId': '5ce598df487b84486892821c'}, {'id': '5dd306f3e0fdc4b9b4bfda85', 'code': 'wlo', 'nameEn': 'Water level official value', 'nameFr': ""Niveau d'eau, valeur officielle"", 'phenomenonId': '5ce598df487b84486892821c'}]"
5cebf1df3d0f4a073c4bbd1e,07120,Victoria Harbour,True,48.424666,-123.3707,PERMANENT,"[{'id': '5cebf1df3d0f4a073c4bbd18', 'code': 'wlp', 'nameEn': 'Water level predictions', 'nameFr': ""Prédictions de niveaux d'eau"", 'phenomenonId': '5ce598df487b84486892821c'}, {'id': '5cebf1df3d0f4a073c4bbd19', 'code': 'wlo', 'nameEn': 'Water level official value', 'nameFr': ""Niveau d'eau, valeur officielle"", 'phenomenonId': '5ce598df487b84486892821c'}, {'id': '5cebf1df3d0f4a073c4bbd1a', 'code': 'wlf', 'nameEn': 'Water level forecasts generated by the FMS', 'nameFr': ""Prévisions de niveaux d'eau générées par le FMS"", 'phenomenonId': '5ce598df487b84486892821c'}, {'id': '5d9dd7c833a9f593161c3f9e', 'code': 'wlp-hilo', 'nameEn': 'High and Low Tide Predictions', 'nameFr': 'Prédictions de pleines et basses mers', 'phenomenonId': '5ce598df487b84486892821c'}]"
5cebf1e43d0f4a073c4bc39d,11690,Tobermory,True,45.256768,-81.662811,PERMANENT,"[{'id': '5cebf1e43d0f4a073c4bc399', 'code': 'wlo', 'nameEn': 'Water level official value', 'nameFr': ""Niveau d'eau, valeur officielle"", 'phenomenonId': '5ce598df487b84486892821c'}, {'id': '5ebac0baebf068602651109b', 'code': 'wlf', 'nameEn': 'Water level forecasts generated by the FMS', 'nameFr': ""Prévisions de niveaux d'eau générées par le FMS"", 'phenomenonId': '5ce598df487b84486892821c'}]"
5cebf1e43d0f4a073c4bc376,10220,Rossport,True,48.833665,-87.519593,PERMANENT,"[{'id': '5cebf1e43d0f4a073c4bc373', 'code': 'wlo', 'nameEn': 'Water level official value', 'nameFr': ""Niveau d'eau, valeur officielle"", 'phenomenonId': '5ce598df487b84486892821c'}, {'id': '5ebac586ebf0686026513115', 'code': 'wlf', 'nameEn': 'Water level forecasts generated by the FMS', 'nameFr': ""Prévisions de niveaux d'eau générées par le FMS"", 'phenomenonId': '5ce598df487b84486892821c'}]"
5cebf1de3d0f4a073c4bb94a,07755,Port Moody,True,49.288,-122.866,PERMANENT,"[{'id': '5cebf1de3d0f4a073c4bb944', 'code': 'wlf', 'nameEn': 'Water level forecasts generated by the FMS', 'nameFr': ""Prévisions de niveaux d'eau générées par le FMS"", 'phenomenonId': '5ce598df487b84486892821c'}, {'id': '5cebf1de3d0f4a073c4bb946', 'code': 'wlp', 'nameEn': 'Water level predictions', 'nameFr': ""Prédictions de niveaux d'eau"", 'phenomenonId': '5ce598df487b84486892821c'}, {'id': '5cebf1de3d0f4a073c4bb947', 'code': 'wlo', 'nameEn': 'Water level official value', 'nameFr': ""Niveau d'eau, valeur officielle"", 'phenomenonId': '5ce598df487b84486892821c'}, {'id': '5d9dd7b933a9f593161c3e56', 'code': 'wlp-hilo', 'nameEn': 'High and Low Tide Predictions', 'nameFr': 'Prédictions de pleines et basses mers', 'phenomenonId': '5ce598df487b84486892821c'}]"
5cebf1e43d0f4a073c4bc478,16005,Sainte-Anne-de-Bellevue,True,45.404667,-73.956333,PERMANENT,"[{'id': '5cebf1e43d0f4a073c4bc471', 'code': 'wlo', 'nameEn': 'Water level official value', 'nameFr': ""Niveau d'eau, valeur officielle"", 'phenomenonId': '5ce598df487b84486892821c'}]"
5cebf1e43d0f4a073c4bc3f7,14400,Brockville,True,44.586928,-75.681929,PERMANENT,"[{'id': '5cebf1e43d0f4a073c4bc3f2', 'code': 'wlo', 'nameEn': 'Water level official value', 'nameFr': ""Niveau d'eau, valeur officielle"", 'phenomenonId': '5ce598df487b84486892821c'}, {'id': '5ebae906ebf0686026521392', 'code': 'wlf', 'nameEn': 'Water level forecasts generated by the FMS', 'nameFr': ""Prévisions de niveaux d'eau générées par le FMS"", 'phenomenonId': '5ce598df487b84486892821c'}]"
5cebf1de3d0f4a073c4bb93c,07594,Sand Heads,True,49.1052,-123.3042,PERMANENT,"[{'id': '5cebf1de3d0f4a073c4bb936', 'code': 'wlp', 'nameEn': 'Water level predictions', 'nameFr': ""Prédictions de niveaux d'eau"", 'phenomenonId': '5ce598df487b84486892821c'}, {'id': '5cebf1de3d0f4a073c4bb937', 'code': 'wlf', 'nameEn': 'Water level forecasts generated by the FMS', 'nameFr': ""Prévisions de niveaux d'eau générées par le FMS"", 'phenomenonId': '5ce598df487b84486892821c'}, {'id': '5cebf1de3d0f4a073c4bb939', 'code': 'wlo', 'nameEn': 'Water level official value', 'nameFr': ""Niveau d'eau, valeur officielle"", 'phenomenonId': '5ce598df487b84486892821c'}, {'id': '5d9dd7b933a9f593161c3e54', 'code': 'wlp-hilo', 'nameEn': 'High and Low Tide Predictions', 'nameFr': 'Prédictions de pleines et basses mers', 'phenomenonId': '5ce598df487b84486892821c'}]"
5cebf1e03d0f4a073c4bbe49,15975,Lac Saint-Pierre,True,46.194833,-72.8955,PERMANENT,"[{'id': '5cebf1e03d0f4a073c4bbe39', 'code': 'wlp', 'nameEn': 'Water level predictions', 'nameFr': ""Prédictions de niveaux d'eau"", 'phenomenonId': '5ce598df487b84486892821c'}, {'id': '5cebf1e03d0f4a073c4bbe40', 'code': 'wlo', 'nameEn': 'Water level official value', 'nameFr': ""Niveau d'eau, valeur officielle"", 'phenomenonId': '5ce598df487b84486892821c'}, {'id': '5dc1c1b26828eee38e1e092f', 'code': 'wlf-spine', 'nameEn': 'Water level forecasts generated by SPINE', 'nameFr': ""Prévisions de niveaux d'eau générées par SPINE"", 'phenomenonId': '5ce598df487b84486892821c'}]"
5cebf1e03d0f4a073c4bbea6,00575,Port Hawkesbury,True,45.614312,-61.365944,PERMANENT,"[{'id': '5cebf1e03d0f4a073c4bbea0', 'code': 'wlf', 'nameEn': 'Water level forecasts generated by the FMS', 'nameFr': ""Prévisions de niveaux d'eau générées par le FMS"", 'phenomenonId': '5ce598df487b84486892821c'}, {'id': '5cebf1e03d0f4a073c4bbea3', 'code': 'wlo', 'nameEn': 'Water level official value', 'nameFr': ""Niveau d'eau, valeur officielle"", 'phenomenonId': '5ce598df487b84486892821c'}, {'id': '5cebf1e03d0f4a073c4bbea4', 'code': 'wlp', 'nameEn': 'Water level predictions', 'nameFr': ""Prédictions de niveaux d'eau"", 'phenomenonId': '5ce598df487b84486892821c'}, {'id': '5d9dd7cb33a9f593161c3ff5', 'code': 'wlp-hilo', 'nameEn': 'High and Low Tide Predictions', 'nameFr': 'Prédictions de pleines et basses mers', 'phenomenonId': '5ce598df487b84486892821c'}]"
5cebf1df3d0f4a073c4bbc8d,00365,Yarmouth,True,43.831898,-66.124469,PERMANENT,"[{'id': '5cebf1df3d0f4a073c4bbc89', 'code': 'wlo', 'nameEn': 'Water level official value', 'nameFr': ""Niveau d'eau, valeur officielle"", 'phenomenonId': '5ce598df487b84486892821c'}, {'id': '5cebf1df3d0f4a073c4bbc8a', 'code': 'wlf', 'nameEn': 'Water level forecasts generated by the FMS', 'nameFr': ""Prévisions de niveaux d'eau générées par le FMS"", 'phenomenonId': '5ce598df487b84486892821c'}, {'id': '5cebf1df3d0f4a073c4bbc8b', 'code': 'wlp', 'nameEn': 'Water level predictions', 'nameFr': ""Prédictions de niveaux d'eau"", 'phenomenonId': '5ce598df487b84486892821c'}, {'id': '5d9dd7c533a9f593161c3f5b', 'code': 'wlp-hilo', 'nameEn': 'High and Low Tide Predictions', 'nameFr': 'Prédictions de pleines et basses mers', 'phenomenonId': '5ce598df487b84486892821c'}]"
5cebf1e43d0f4a073c4bc3eb,13590,Cobourg,True,43.956475,-78.164399,PERMANENT,"[{'id': '5cebf1e43d0f4a073c4bc3e7', 'code': 'wlo', 'nameEn': 'Water level official value', 'nameFr': ""Niveau d'eau, valeur officielle"", 'phenomenonId': '5ce598df487b84486892821c'}, {'id': '5ebac2faebf06860265120dd', 'code': 'wlf', 'nameEn': 'Water level forecasts generated by the FMS', 'nameFr': ""Prévisions de niveaux d'eau générées par le FMS"", 'phenomenonId': '5ce598df487b84486892821c'}]"
5cebf1de3d0f4a073c4bb996,08074,Campbell River,True,50.042,-125.247,PERMANENT,"[{'id': '5cebf1de3d0f4a073c4bb991', 'code': 'wlp', 'nameEn': 'Water level predictions', 'nameFr': ""Prédictions de niveaux d'eau"", 'phenomenonId': '5ce598df487b84486892821c'}, {'id': '5cebf1de3d0f4a073c4bb992', 'code': 'wlf', 'nameEn': 'Water level forecasts generated by the FMS', 'nameFr': ""Prévisions de niveaux d'eau générées par le FMS"", 'phenomenonId': '5ce598df487b84486892821c'}, {'id': '5cebf1de3d0f4a073c4bb993', 'code': 'wlo', 'nameEn': 'Water level official value', 'nameFr': ""Niveau d'eau, valeur officielle"", 'phenomenonId': '5ce598df487b84486892821c'}, {'id': '5d9dd7bb33a9f593161c3e77', 'code': 'wlp-hilo', 'nameEn': 'High and Low Tide Predictions', 'nameFr': 'Prédictions de pleines et basses mers', 'phenomenonId': '5ce598df487b84486892821c'}]"
5cebf1e33d0f4a073c4bc165,00835,Argentia,True,47.289964,-53.992219,PERMANENT,"[{'id': '5cebf1e33d0f4a073c4bc161', 'code': 'wlp', 'nameEn': 'Water level predictions', 'nameFr': ""Prédictions de niveaux d'eau"", 'phenomenonId': '5ce598df487b84486892821c'}, {'id': '5cebf1e33d0f4a073c4bc162', 'code': 'wlf', 'nameEn': 'Water level forecasts generated by the FMS', 'nameFr': ""Prévisions de niveaux d'eau générées par le FMS"", 'phenomenonId': '5ce598df487b84486892821c'}, {'id': '5cebf1e33d0f4a073c4bc163', 'code': 'wlo', 'nameEn': 'Water level official value', 'nameFr': ""Niveau d'eau, valeur officielle"", 'phenomenonId': '5ce598df487b84486892821c'}, {'id': '5d9dd7d733a9f593161c4105', 'code': 'wlp-hilo', 'nameEn': 'High and Low Tide Predictions', 'nameFr': 'Prédictions de pleines et basses mers', 'phenomenonId': '5ce598df487b84486892821c'}]"
5cebf1de3d0f4a073c4bba3e,09850,Queen Charlotte City,True,53.252,-132.072,PERMANENT,"[{'id': '5cebf1de3d0f4a073c4bba3a', 'code': 'wlo', 'nameEn': 'Water level official value', 'nameFr': ""Niveau d'eau, valeur officielle"", 'phenomenonId': '5ce598df487b84486892821c'}, {'id': '5cebf1de3d0f4a073c4bba3b', 'code': 'wlf', 'nameEn': 'Water level forecasts generated by the FMS', 'nameFr': ""Prévisions de niveaux d'eau générées par le FMS"", 'phenomenonId': '5ce598df487b84486892821c'}, {'id': '5cebf1de3d0f4a073c4bba3c', 'code': 'wlp', 'nameEn': 'Water level predictions', 'nameFr': ""Prédictions de niveaux d'eau"", 'phenomenonId': '5ce598df487b84486892821c'}, {'id': '5d9dd7bf33a9f593161c3ec0', 'code': 'wlp-hilo', 'nameEn': 'High and Low Tide Predictions', 'nameFr': 'Prédictions de pleines et basses mers', 'phenomenonId': '5ce598df487b84486892821c'}]"
5cebf1e33d0f4a073c4bc189,00990,Bonavista,True,48.650779,-53.1160115,PERMANENT,"[{'id': '5cebf1e33d0f4a073c4bc184', 'code': 'wlo', 'nameEn': 'Water level official value', 'nameFr': ""Niveau d'eau, valeur officielle"", 'phenomenonId': '5ce598df487b84486892821c'}, {'id': '5cebf1e33d0f4a073c4bc186', 'code': 'wlp', 'nameEn': 'Water level predictions', 'nameFr': ""Prédictions de niveaux d'eau"", 'phenomenonId': '5ce598df487b84486892821c'}, {'id': '5cebf1e33d0f4a073c4bc187', 'code': 'wlf', 'nameEn': 'Water level forecasts generated by the FMS', 'nameFr': ""Prévisions de niveaux d'eau générées par le FMS"", 'phenomenonId': '5ce598df487b84486892821c'}, {'id': '5d9dd7d733a9f593161c4112', 'code': 'wlp-hilo', 'nameEn': 'High and Low Tide Predictions', 'nameFr': 'Prédictions de pleines et basses mers', 'phenomenonId': '5ce598df487b84486892821c'}]"
5cebf1df3d0f4a073c4bbb56,03300,Portneuf,True,46.681167,-71.877167,PERMANENT,"[{'id': '5cebf1df3d0f4a073c4bbb40', 'code': 'wlp', 'nameEn': 'Water level predictions', 'nameFr': ""Prédictions de niveaux d'eau"", 'phenomenonId': '5ce598df487b84486892821c'}, {'id': '5cebf1df3d0f4a073c4bbb47', 'code': 'wlo', 'nameEn': 'Water level official value', 'nameFr': ""Niveau d'eau, valeur officielle"", 'phenomenonId': '5ce598df487b84486892821c'}, {'id': '5cebf1df3d0f4a073c4bbb49', 'code': 'wt2', 'nameEn': 'Water temperature sensor 2', 'nameFr': ""Température de l'eau, capteur 2"", 'phenomenonId': '5ce598df487b84486892821f'}, {'id': '5d9dd7c133a9f593161c3efd', 'code': 'wlp-hilo', 'nameEn': 'High and Low Tide Predictions', 'nameFr': 'Prédictions de pleines et basses mers', 'phenomenonId': '5ce598df487b84486892821c'}, {'id': '5dc1c1b26828eee38e1e0924', 'code': 'wlf-spine', 'nameEn': 'Water level forecasts generated by SPINE', 'nameFr': ""Prévisions de niveaux d'eau générées par SPINE"", 'phenomenonId': '5ce598df487b84486892821c'}]"
5cebf1e03d0f4a073c4bbe1b,15780,Contrecoeur IOC,True,45.832667,-73.283167,PERMANENT,"[{'id': '5cebf1e03d0f4a073c4bbe08', 'code': 'wlp', 'nameEn': 'Water level predictions', 'nameFr': ""Prédictions de niveaux d'eau"", 'phenomenonId': '5ce598df487b84486892821c'}, {'id': '5cebf1e03d0f4a073c4bbe0a', 'code': 'wt2', 'nameEn': 'Water temperature sensor 2', 'nameFr': ""Température de l'eau, capteur 2"", 'phenomenonId': '5ce598df487b84486892821f'}, {'id': '5cebf1e03d0f4a073c4bbe0d', 'code': 'wlo', 'nameEn': 'Water level official value', 'nameFr': ""Niveau d'eau, valeur officielle"", 'phenomenonId': '5ce598df487b84486892821c'}, {'id': '5dc1c1b26828eee38e1e092d', 'code': 'wlf-spine', 'nameEn': 'Water level forecasts generated by SPINE', 'nameFr': ""Prévisions de niveaux d'eau générées par SPINE"", 'phenomenonId': '5ce598df487b84486892821c'}]"
5cebf1e23d0f4a073c4bc097,08735,Winter Harbour,True,50.513,-128.029,PERMANENT,"[{'id': '5cebf1e23d0f4a073c4bc092', 'code': 'wlp', 'nameEn': 'Water level predictions', 'nameFr': ""Prédictions de niveaux d'eau"", 'phenomenonId': '5ce598df487b84486892821c'}, {'id': '5cebf1e23d0f4a073c4bc094', 'code': 'wlo', 'nameEn': 'Water level official value', 'nameFr': ""Niveau d'eau, valeur officielle"", 'phenomenonId': '5ce598df487b84486892821c'}, {'id': '5d9dd7d333a9f593161c40b7', 'code': 'wlp-hilo', 'nameEn': 'High and Low Tide Predictions', 'nameFr': 'Prédictions de pleines et basses mers', 'phenomenonId': '5ce598df487b84486892821c'}, {'id': '606f19611e5a777a2b50e76b', 'code': 'wlf', 'nameEn': 'Water level forecasts generated by the FMS', 'nameFr': ""Prévisions de niveaux d'eau générées par le FMS"", 'phenomenonId': '5ce598df487b84486892821c'}]"
5cebf1de3d0f4a073c4bba44,09910,Masset,True,54.01,-132.149,TEMPORARY,"[{'id': '5cebf1de3d0f4a073c4bba3f', 'code': 'wlo', 'nameEn': 'Water level official value', 'nameFr': ""Niveau d'eau, valeur officielle"", 'phenomenonId': '5ce598df487b84486892821c'}, {'id': '5cebf1de3d0f4a073c4bba41', 'code': 'wlf', 'nameEn': 'Water level forecasts generated by the FMS', 'nameFr': ""Prévisions de niveaux d'eau générées par le FMS"", 'phenomenonId': '5ce598df487b84486892821c'}, {'id': '5cebf1de3d0f4a073c4bba42', 'code': 'wlp', 'nameEn': 'Water level predictions', 'nameFr': ""Prédictions de niveaux d'eau"", 'phenomenonId': '5ce598df487b84486892821c'}, {'id': '5d9dd7bf33a9f593161c3ec1', 'code': 'wlp-hilo', 'nameEn': 'High and Low Tide Predictions', 'nameFr': 'Prédictions de pleines et basses mers', 'phenomenonId': '5ce598df487b84486892821c'}, {'id': '5ed8fee7d24e7b38788cc619', 'code': 'wcs1', 'nameEn': 'Water current speed sensor 1', 'nameFr': 'Vitesse du courant capteur 1', 'phenomenonId': '5d690f3d38604ef9646f03fb'}, {'id': '5ed8ff07d24e7b38788cc687', 'code': 'wcd1', 'nameEn': 'Water current direction sensor 1', 'nameFr': 'Direction du courant capteur 1', 'phenomenonId': '5e4bf351305b990bbec4dfb9'}]"
5cebf1e43d0f4a073c4bc3b6,11965,Belle River,True,42.29616,-82.710898,PERMANENT,"[{'id': '5cebf1e43d0f4a073c4bc3b2', 'code': 'wlo', 'nameEn': 'Water level official value', 'nameFr': ""Niveau d'eau, valeur officielle"", 'phenomenonId': '5ce598df487b84486892821c'}, {'id': '5ebac6f4ebf0686026513d83', 'code': 'wlf', 'nameEn': 'Water level forecasts generated by the FMS', 'nameFr': ""Prévisions de niveaux d'eau générées par le FMS"", 'phenomenonId': '5ce598df487b84486892821c'}]"
5cebf1e03d0f4a073c4bbdd7,15520,Montréal Jetée #1,True,45.5035,-73.552528,PERMANENT,"[{'id': '5cebf1e03d0f4a073c4bbdc2', 'code': 'wt1', 'nameEn': 'Water temperature sensor 1', 'nameFr': ""Température de l'eau, capteur 1"", 'phenomenonId': '5ce598df487b84486892821f'}, {'id': '5cebf1e03d0f4a073c4bbdc7', 'code': 'wlp', 'nameEn': 'Water level predictions', 'nameFr': ""Prédictions de niveaux d'eau"", 'phenomenonId': '5ce598df487b84486892821c'}, {'id': '5cebf1e03d0f4a073c4bbdc9', 'code': 'wlo', 'nameEn': 'Water level official value', 'nameFr': ""Niveau d'eau, valeur officielle"", 'phenomenonId': '5ce598df487b84486892821c'}, {'id': '5dc1c1b26828eee38e1e092a', 'code': 'wlf-spine', 'nameEn': 'Water level forecasts generated by SPINE', 'nameFr': ""Prévisions de niveaux d'eau générées par SPINE"", 'phenomenonId': '5ce598df487b84486892821c'}]"
5cebf1e43d0f4a073c4bc48d,15220,Pointe-des-Cascades,True,45.33456,-73.96204,PERMANENT,"[{'id': '5cebf1e43d0f4a073c4bc489', 'code': 'wlo', 'nameEn': 'Water level official value', 'nameFr': ""Niveau d'eau, valeur officielle"", 'phenomenonId': '5ce598df487b84486892821c'}]"
5cebf1df3d0f4a073c4bbbe2,03480,Chicoutimi,True,48.43083333,-71.05483333,PERMANENT,"[{'id': '5cebf1df3d0f4a073c4bbbd2', 'code': 'wlo', 'nameEn': 'Water level official value', 'nameFr': ""Niveau d'eau, valeur officielle"", 'phenomenonId': '5ce598df487b84486892821c'}, {'id': '5cebf1df3d0f4a073c4bbbda', 'code': 'wt1', 'nameEn': 'Water temperature sensor 1', 'nameFr': ""Température de l'eau, capteur 1"", 'phenomenonId': '5ce598df487b84486892821f'}, {'id': '5cebf1df3d0f4a073c4bbbdd', 'code': 'wlp', 'nameEn': 'Water level predictions', 'nameFr': ""Prédictions de niveaux d'eau"", 'phenomenonId': '5ce598df487b84486892821c'}, {'id': '5d9dd7c233a9f593161c3f0d', 'code': 'wlp-hilo', 'nameEn': 'High and Low Tide Predictions', 'nameFr': 'Prédictions de pleines et basses mers', 'phenomenonId': '5ce598df487b84486892821c'}, {'id': '5de8021deb842b0001b95406', 'code': 'wlf', 'nameEn': 'Water level forecasts generated by the FMS', 'nameFr': ""Prévisions de niveaux d'eau générées par le FMS"", 'phenomenonId': '5ce598df487b84486892821c'}]"
5cebf1e43d0f4a073c4bc3e5,13320,Toronto,True,43.639771,-79.380286,PERMANENT,"[{'id': '5cebf1e43d0f4a073c4bc3e2', 'code': 'wlo', 'nameEn': 'Water level official value', 'nameFr': ""Niveau d'eau, valeur officielle"", 'phenomenonId': '5ce598df487b84486892821c'}, {'id': '5ebac2c5ebf0686026511f93', 'code': 'wlf', 'nameEn': 'Water level forecasts generated by the FMS', 'nameFr': ""Prévisions de niveaux d'eau générées par le FMS"", 'phenomenonId': '5ce598df487b84486892821c'}]"
5cebf1df3d0f4a073c4bbb38,03280,Neuville,True,46.6965,-71.572833,PERMANENT,"[{'id': '5cebf1de3d0f4a073c4bbb25', 'code': 'wlp', 'nameEn': 'Water level predictions', 'nameFr': ""Prédictions de niveaux d'eau"", 'phenomenonId': '5ce598df487b84486892821c'}, {'id': '5cebf1df3d0f4a073c4bbb2e', 'code': 'wt2', 'nameEn': 'Water temperature sensor 2', 'nameFr': ""Température de l'eau, capteur 2"", 'phenomenonId': '5ce598df487b84486892821f'}, {'id': '5cebf1df3d0f4a073c4bbb31', 'code': 'wlo', 'nameEn': 'Water level official value', 'nameFr': ""Niveau d'eau, valeur officielle"", 'phenomenonId': '5ce598df487b84486892821c'}, {'id': '5d9dd7c133a9f593161c3efa', 'code': 'wlp-hilo', 'nameEn': 'High and Low Tide Predictions', 'nameFr': 'Prédictions de pleines et basses mers', 'phenomenonId': '5ce598df487b84486892821c'}, {'id': '5dc1c1b26828eee38e1e0923', 'code': 'wlf-spine', 'nameEn': 'Water level forecasts generated by SPINE', 'nameFr': ""Prévisions de niveaux d'eau générées par SPINE"", 'phenomenonId': '5ce598df487b84486892821c'}]"
5cebf1e43d0f4a073c4bc453,09360,Seal Cove,True,54.3311,-130.2796,PERMANENT,"[{'id': '5cebf1e43d0f4a073c4bc44e', 'code': 'wlf', 'nameEn': 'Water level forecasts generated by the FMS', 'nameFr': ""Prévisions de niveaux d'eau générées par le FMS"", 'phenomenonId': '5ce598df487b84486892821c'}, {'id': '5cebf1e43d0f4a073c4bc44f', 'code': 'wlp', 'nameEn': 'Water level predictions', 'nameFr': ""Prédictions de niveaux d'eau"", 'phenomenonId': '5ce598df487b84486892821c'}, {'id': '5cebf1e43d0f4a073c4bc451', 'code': 'wlo', 'nameEn': 'Water level official value', 'nameFr': ""Niveau d'eau, valeur officielle"", 'phenomenonId': '5ce598df487b84486892821c'}, {'id': '5d9dd7e033a9f593161c41f3', 'code': 'wlp-hilo', 'nameEn': 'High and Low Tide Predictions', 'nameFr': 'Prédictions de pleines et basses mers', 'phenomenonId': '5ce598df487b84486892821c'}]"
5cebf1e23d0f4a073c4bc0c2,08976,Bella Bella,True,52.163,-128.143,PERMANENT,"[{'id': '5cebf1e23d0f4a073c4bc0bc', 'code': 'wlo', 'nameEn': 'Water level official value', 'nameFr': ""Niveau d'eau, valeur officielle"", 'phenomenonId': '5ce598df487b84486892821c'}, {'id': '5cebf1e23d0f4a073c4bc0bd', 'code': 'wlf', 'nameEn': 'Water level forecasts generated by the FMS', 'nameFr': ""Prévisions de niveaux d'eau générées par le FMS"", 'phenomenonId': '5ce598df487b84486892821c'}, {'id': '5cebf1e23d0f4a073c4bc0c0', 'code': 'wlp', 'nameEn': 'Water level predictions', 'nameFr': ""Prédictions de niveaux d'eau"", 'phenomenonId': '5ce598df487b84486892821c'}, {'id': '5d9dd7d433a9f593161c40ca', 'code': 'wlp-hilo', 'nameEn': 'High and Low Tide Predictions', 'nameFr': 'Prédictions de pleines et basses mers', 'phenomenonId': '5ce598df487b84486892821c'}]"
5cebf1e43d0f4a073c4bc40e,07808,Darrell Bay,True,49.669,-123.169,PERMANENT,"[{'id': '5cebf1e43d0f4a073c4bc408', 'code': 'wlf', 'nameEn': 'Water level forecasts generated by the FMS', 'nameFr': ""Prévisions de niveaux d'eau générées par le FMS"", 'phenomenonId': '5ce598df487b84486892821c'}, {'id': '5cebf1e43d0f4a073c4bc409', 'code': 'wlp', 'nameEn': 'Water level predictions', 'nameFr': ""Prédictions de niveaux d'eau"", 'phenomenonId': '5ce598df487b84486892821c'}, {'id': '5cebf1e43d0f4a073c4bc40c', 'code': 'wlo', 'nameEn': 'Water level official value', 'nameFr': ""Niveau d'eau, valeur officielle"", 'phenomenonId': '5ce598df487b84486892821c'}, {'id': '5d9dd7e033a9f593161c41ea', 'code': 'wlp-hilo', 'nameEn': 'High and Low Tide Predictions', 'nameFr': 'Prédictions de pleines et basses mers', 'phenomenonId': '5ce598df487b84486892821c'}]"
5cebf1e43d0f4a073c4bc434,07724,Calamity Point,True,49.31257,-123.127678,PERMANENT,"[{'id': '5cebf1e43d0f4a073c4bc42f', 'code': 'wlf', 'nameEn': 'Water level forecasts generated by the FMS', 'nameFr': ""Prévisions de niveaux d'eau générées par le FMS"", 'phenomenonId': '5ce598df487b84486892821c'}, {'id': '5cebf1e43d0f4a073c4bc430', 'code': 'wlp', 'nameEn': 'Water level predictions', 'nameFr': ""Prédictions de niveaux d'eau"", 'phenomenonId': '5ce598df487b84486892821c'}, {'id': '5cebf1e43d0f4a073c4bc432', 'code': 'wlo', 'nameEn': 'Water level official value', 'nameFr': ""Niveau d'eau, valeur officielle"", 'phenomenonId': '5ce598df487b84486892821c'}, {'id': '5d9dd7e033a9f593161c41ee', 'code': 'wlp-hilo', 'nameEn': 'High and Low Tide Predictions', 'nameFr': 'Prédictions de pleines et basses mers', 'phenomenonId': '5ce598df487b84486892821c'}, {'id': '6234d58aaaf7fe72c6bba575', 'code': 'wcs1', 'nameEn': 'Water current speed sensor 1', 'nameFr': 'Vitesse du courant capteur 1', 'phenomenonId': '5d690f3d38604ef9646f03fb', 'latitude': 49.31234, 'longitude': -123.12776}, {'id': '6234d58aaaf7fe72c6bba576', 'code': 'wcd1', 'nameEn': 'Water current direction sensor 1', 'nameFr': 'Direction du courant capteur 1', 'phenomenonId': '5e4bf351305b990bbec4dfb9', 'latitude': 49.31234, 'longitude': -123.12776}, {'id': '635af4db656e2041f9e4dc3d', 'code': 'wcs2', 'nameEn': 'Water current speed sensor 2', 'nameFr': 'Vitesse du courant capteur 2', 'phenomenonId': '5d690f3d38604ef9646f03fb', 'latitude': 49.31235, 'longitude': -123.12778}, {'id': '635af4db656e2041f9e4dc3e', 'code': 'wcd2', 'nameEn': 'Water current direction sensor 2', 'nameFr': 'Direction du courant capteur 2', 'phenomenonId': '5e4bf351305b990bbec4dfb9', 'latitude': 49.31235, 'longitude': -123.12778}]"
5cebf1de3d0f4a073c4bb9c7,08408,Port Hardy,True,50.722,-127.489,PERMANENT,"[{'id': '5cebf1de3d0f4a073c4bb9c1', 'code': 'wlp', 'nameEn': 'Water level predictions', 'nameFr': ""Prédictions de niveaux d'eau"", 'phenomenonId': '5ce598df487b84486892821c'}, {'id': '5cebf1de3d0f4a073c4bb9c3', 'code': 'wlo', 'nameEn': 'Water level official value', 'nameFr': ""Niveau d'eau, valeur officielle"", 'phenomenonId': '5ce598df487b84486892821c'}, {'id': '5cebf1de3d0f4a073c4bb9c4', 'code': 'wlf', 'nameEn': 'Water level forecasts generated by the FMS', 'nameFr': ""Prévisions de niveaux d'eau générées par le FMS"", 'phenomenonId': '5ce598df487b84486892821c'}, {'id': '5d9dd7bd33a9f593161c3e8d', 'code': 'wlp-hilo', 'nameEn': 'High and Low Tide Predictions', 'nameFr': 'Prédictions de pleines et basses mers', 'phenomenonId': '5ce598df487b84486892821c'}]"
5cebf1e23d0f4a073c4bc0f6,03248,Vieux-Québec,True,46.811111,-71.20175,PERMANENT,"[{'id': '5cebf1e23d0f4a073c4bc0e1', 'code': 'wlo', 'nameEn': 'Water level official value', 'nameFr': ""Niveau d'eau, valeur officielle"", 'phenomenonId': '5ce598df487b84486892821c'}, {'id': '5cebf1e23d0f4a073c4bc0ea', 'code': 'wlp', 'nameEn': 'Water level predictions', 'nameFr': ""Prédictions de niveaux d'eau"", 'phenomenonId': '5ce598df487b84486892821c'}, {'id': '5cebf1e23d0f4a073c4bc0ec', 'code': 'wt1', 'nameEn': 'Water temperature sensor 1', 'nameFr': ""Température de l'eau, capteur 1"", 'phenomenonId': '5ce598df487b84486892821f'}, {'id': '5d9dd7d533a9f593161c40d9', 'code': 'wlp-hilo', 'nameEn': 'High and Low Tide Predictions', 'nameFr': 'Prédictions de pleines et basses mers', 'phenomenonId': '5ce598df487b84486892821c'}, {'id': '5dc1c1b26828eee38e1e0922', 'code': 'wlf-spine', 'nameEn': 'Water level forecasts generated by SPINE', 'nameFr': ""Prévisions de niveaux d'eau générées par SPINE"", 'phenomenonId': '5ce598df487b84486892821c'}]"
5cebf1e33d0f4a073c4bc176,00905,St. Johns,True,47.5691135,-52.700762,PERMANENT,"[{'id': '5cebf1e33d0f4a073c4bc170', 'code': 'wlf', 'nameEn': 'Water level forecasts generated by the FMS', 'nameFr': ""Prévisions de niveaux d'eau générées par le FMS"", 'phenomenonId': '5ce598df487b84486892821c'}, {'id': '5cebf1e33d0f4a073c4bc171', 'code': 'wlo', 'nameEn': 'Water level official value', 'nameFr': ""Niveau d'eau, valeur officielle"", 'phenomenonId': '5ce598df487b84486892821c'}, {'id': '5cebf1e33d0f4a073c4bc173', 'code': 'wlp', 'nameEn': 'Water level predictions', 'nameFr': ""Prédictions de niveaux d'eau"", 'phenomenonId': '5ce598df487b84486892821c'}, {'id': '5d9dd7d733a9f593161c410b', 'code': 'wlp-hilo', 'nameEn': 'High and Low Tide Predictions', 'nameFr': 'Prédictions de pleines et basses mers', 'phenomenonId': '5ce598df487b84486892821c'}]"
5cebf1e43d0f4a073c4bc3df,13150,Burlington,True,43.299437,-79.793436,PERMANENT,"[{'id': '5cebf1e43d0f4a073c4bc3d9', 'code': 'wlo', 'nameEn': 'Water level official value', 'nameFr': ""Niveau d'eau, valeur officielle"", 'phenomenonId': '5ce598df487b84486892821c'}, {'id': '5ebac28bebf0686026511dee', 'code': 'wlf', 'nameEn': 'Water level forecasts generated by the FMS', 'nameFr': ""Prévisions de niveaux d'eau générées par le FMS"", 'phenomenonId': '5ce598df487b84486892821c'}]"
5cebf1e03d0f4a073c4bbd92,02985,Rimouski,True,48.478333,-68.513667,PERMANENT,"[{'id': '5cebf1e03d0f4a073c4bbd7b', 'code': 'wt2', 'nameEn': 'Water temperature sensor 2', 'nameFr': ""Température de l'eau, capteur 2"", 'phenomenonId': '5ce598df487b84486892821f'}, {'id': '5cebf1e03d0f4a073c4bbd81', 'code': 'wlf', 'nameEn': 'Water level forecasts generated by the FMS', 'nameFr': ""Prévisions de niveaux d'eau générées par le FMS"", 'phenomenonId': '5ce598df487b84486892821c'}, {'id': '5cebf1e03d0f4a073c4bbd87', 'code': 'wlp', 'nameEn': 'Water level predictions', 'nameFr': ""Prédictions de niveaux d'eau"", 'phenomenonId': '5ce598df487b84486892821c'}, {'id': '5cebf1e03d0f4a073c4bbd89', 'code': 'wlo', 'nameEn': 'Water level official value', 'nameFr': ""Niveau d'eau, valeur officielle"", 'phenomenonId': '5ce598df487b84486892821c'}, {'id': '5cebf1e03d0f4a073c4bbd8a', 'code': 'ws1', 'nameEn': 'Water salinity sensor 1', 'nameFr': ""Salinité de l'eau, capteur 1"", 'phenomenonId': '5ce598df487b84486892821d'}, {'id': '5d9dd7c933a9f593161c3fc1', 'code': 'wlp-hilo', 'nameEn': 'High and Low Tide Predictions', 'nameFr': 'Prédictions de pleines et basses mers', 'phenomenonId': '5ce598df487b84486892821c'}]"
5cebf1e03d0f4a073c4bbd64,14660,Morrisburg,True,44.891727,-75.191849,PERMANENT,"[{'id': '5cebf1e03d0f4a073c4bbd5e', 'code': 'wlo', 'nameEn': 'Water level official value', 'nameFr': ""Niveau d'eau, valeur officielle"", 'phenomenonId': '5ce598df487b84486892821c'}, {'id': '5ebae848ebf0686026520e97', 'code': 'wlf', 'nameEn': 'Water level forecasts generated by the FMS', 'nameFr': ""Prévisions de niveaux d'eau générées par le FMS"", 'phenomenonId': '5ce598df487b84486892821c'}]"
5cebf1de3d0f4a073c4bba16,09475,Stewart,True,55.9166,-130.01,PERMANENT,"[{'id': '5cebf1de3d0f4a073c4bba11', 'code': 'wlp', 'nameEn': 'Water level predictions', 'nameFr': ""Prédictions de niveaux d'eau"", 'phenomenonId': '5ce598df487b84486892821c'}, {'id': '5cebf1de3d0f4a073c4bba13', 'code': 'wlo', 'nameEn': 'Water level official value', 'nameFr': ""Niveau d'eau, valeur officielle"", 'phenomenonId': '5ce598df487b84486892821c'}, {'id': '5cebf1de3d0f4a073c4bba14', 'code': 'wlf', 'nameEn': 'Water level forecasts generated by the FMS', 'nameFr': ""Prévisions de niveaux d'eau générées par le FMS"", 'phenomenonId': '5ce598df487b84486892821c'}, {'id': '5d9dd7be33a9f593161c3eb0', 'code': 'wlp-hilo', 'nameEn': 'High and Low Tide Predictions', 'nameFr': 'Prédictions de pleines et basses mers', 'phenomenonId': '5ce598df487b84486892821c'}]"
5cebf1e43d0f4a073c4bc470,14600,Iroquois Above,True,44.8223,-75.320914,PERMANENT,"[{'id': '5cebf1e43d0f4a073c4bc46a', 'code': 'wlo', 'nameEn': 'Water level official value', 'nameFr': ""Niveau d'eau, valeur officielle"", 'phenomenonId': '5ce598df487b84486892821c'}, {'id': '5ebae8d2ebf0686026521208', 'code': 'wlf', 'nameEn': 'Water level forecasts generated by the FMS', 'nameFr': ""Prévisions de niveaux d'eau générées par le FMS"", 'phenomenonId': '5ce598df487b84486892821c'}]"
5cebf1e23d0f4a073c4bc02e,09958,Henslung Cove,True,54.191,-133.002,PERMANENT,"[{'id': '5cebf1e23d0f4a073c4bc028', 'code': 'wlo', 'nameEn': 'Water level official value', 'nameFr': ""Niveau d'eau, valeur officielle"", 'phenomenonId': '5ce598df487b84486892821c'}, {'id': '5cebf1e23d0f4a073c4bc02b', 'code': 'wlp', 'nameEn': 'Water level predictions', 'nameFr': ""Prédictions de niveaux d'eau"", 'phenomenonId': '5ce598df487b84486892821c'}, {'id': '5cebf1e23d0f4a073c4bc02c', 'code': 'wlf', 'nameEn': 'Water level forecasts generated by the FMS', 'nameFr': ""Prévisions de niveaux d'eau générées par le FMS"", 'phenomenonId': '5ce598df487b84486892821c'}, {'id': '5d9dd7d233a9f593161c4090', 'code': 'wlp-hilo', 'nameEn': 'High and Low Tide Predictions', 'nameFr': 'Prédictions de pleines et basses mers', 'phenomenonId': '5ce598df487b84486892821c'}]"
5cebf1e43d0f4a073c4bc37e,10750,Michipicoten,True,47.961217,-84.901093,PERMANENT,"[{'id': '5cebf1e43d0f4a073c4bc377', 'code': 'wlo', 'nameEn': 'Water level official value', 'nameFr': ""Niveau d'eau, valeur officielle"", 'phenomenonId': '5ce598df487b84486892821c'}, {'id': '5cebf1e43d0f4a073c4bc37b', 'code': 'wlf', 'nameEn': 'Water level forecasts generated by the FMS', 'nameFr': ""Prévisions de niveaux d'eau générées par le FMS"", 'phenomenonId': '5ce598df487b84486892821c'}]"
5dd3064de0fdc4b9b4be663c,15410,LaSalle,True,45.415,-73.623056,TEMPORARY,"[{'id': '5dd306f4e0fdc4b9b4bfeae4', 'code': 'wlo', 'nameEn': 'Water level official value', 'nameFr': ""Niveau d'eau, valeur officielle"", 'phenomenonId': '5ce598df487b84486892821c'}]"
5cebf1df3d0f4a073c4bbb91,03345,Batiscan,True,46.500333,-72.245833,PERMANENT,"[{'id': '5cebf1df3d0f4a073c4bbb7c', 'code': 'wlo', 'nameEn': 'Water level official value', 'nameFr': ""Niveau d'eau, valeur officielle"", 'phenomenonId': '5ce598df487b84486892821c'}, {'id': '5cebf1df3d0f4a073c4bbb7f', 'code': 'wlp', 'nameEn': 'Water level predictions', 'nameFr': ""Prédictions de niveaux d'eau"", 'phenomenonId': '5ce598df487b84486892821c'}, {'id': '5d9dd7c133a9f593161c3f03', 'code': 'wlp-hilo', 'nameEn': 'High and Low Tide Predictions', 'nameFr': 'Prédictions de pleines et basses mers', 'phenomenonId': '5ce598df487b84486892821c'}, {'id': '5dc1c1b26828eee38e1e0926', 'code': 'wlf-spine', 'nameEn': 'Water level forecasts generated by SPINE', 'nameFr': ""Prévisions de niveaux d'eau générées par SPINE"", 'phenomenonId': '5ce598df487b84486892821c'}]"
5cebf1df3d0f4a073c4bbce7,06485,Tuktoyaktuk,True,69.438226,-132.994402,PERMANENT,"[{'id': '5cebf1df3d0f4a073c4bbce2', 'code': 'wlp', 'nameEn': 'Water level predictions', 'nameFr': ""Prédictions de niveaux d'eau"", 'phenomenonId': '5ce598df487b84486892821c'}, {'id': '5cebf1df3d0f4a073c4bbce4', 'code': 'wlf', 'nameEn': 'Water level forecasts generated by the FMS', 'nameFr': ""Prévisions de niveaux d'eau générées par le FMS"", 'phenomenonId': '5ce598df487b84486892821c'}, {'id': '5cebf1df3d0f4a073c4bbce5', 'code': 'wlo', 'nameEn': 'Water level official value', 'nameFr': ""Niveau d'eau, valeur officielle"", 'phenomenonId': '5ce598df487b84486892821c'}, {'id': '5d9dd7c733a9f593161c3f85', 'code': 'wlp-hilo', 'nameEn': 'High and Low Tide Predictions', 'nameFr': 'Prédictions de pleines et basses mers', 'phenomenonId': '5ce598df487b84486892821c'}]"
5cebf1e43d0f4a073c4bc3f1,13988,Kingston,True,44.217951,-76.517533,PERMANENT,"[{'id': '5cebf1e43d0f4a073c4bc3ec', 'code': 'wlo', 'nameEn': 'Water level official value', 'nameFr': ""Niveau d'eau, valeur officielle"", 'phenomenonId': '5ce598df487b84486892821c'}, {'id': '5ebac34debf06860265122d8', 'code': 'wlf', 'nameEn': 'Water level forecasts generated by the FMS', 'nameFr': ""Prévisions de niveaux d'eau générées par le FMS"", 'phenomenonId': '5ce598df487b84486892821c'}]"
5dd3064fe0fdc4b9b4be6ab2,16105,Gatineau,True,45.431389,-75.706111,PERMANENT,"[{'id': '5dd306f4e0fdc4b9b4bff1bb', 'code': 'wlo', 'nameEn': 'Water level official value', 'nameFr': ""Niveau d'eau, valeur officielle"", 'phenomenonId': '5ce598df487b84486892821c'}]"
5cebf1e03d0f4a073c4bbda9,03353,Bécancour,True,46.400333,-72.3795,PERMANENT,"[{'id': '5cebf1e03d0f4a073c4bbd98', 'code': 'wlp', 'nameEn': 'Water level predictions', 'nameFr': ""Prédictions de niveaux d'eau"", 'phenomenonId': '5ce598df487b84486892821c'}, {'id': '5cebf1e03d0f4a073c4bbd9b', 'code': 'wt2', 'nameEn': 'Water temperature sensor 2', 'nameFr': ""Température de l'eau, capteur 2"", 'phenomenonId': '5ce598df487b84486892821f'}, {'id': '5cebf1e03d0f4a073c4bbd9f', 'code': 'wlo', 'nameEn': 'Water level official value', 'nameFr': ""Niveau d'eau, valeur officielle"", 'phenomenonId': '5ce598df487b84486892821c'}, {'id': '5d9dd7c933a9f593161c3fc2', 'code': 'wlp-hilo', 'nameEn': 'High and Low Tide Predictions', 'nameFr': 'Prédictions de pleines et basses mers', 'phenomenonId': '5ce598df487b84486892821c'}, {'id': '5dc1c1b26828eee38e1e0927', 'code': 'wlf-spine', 'nameEn': 'Water level forecasts generated by SPINE', 'nameFr': ""Prévisions de niveaux d'eau générées par SPINE"", 'phenomenonId': '5ce598df487b84486892821c'}]"
5dd30650e0fdc4b9b4be6dc4,09348,Fairview Terminal,True,54.282836,-130.360667,TEMPORARY,"[{'id': '5dd306f5e0fdc4b9b4c0036e', 'code': 'wlo', 'nameEn': 'Water level official value', 'nameFr': ""Niveau d'eau, valeur officielle"", 'phenomenonId': '5ce598df487b84486892821c'}, {'id': '6037caa58815bd1bc7cf5240', 'code': 'wcs1', 'nameEn': 'Water current speed sensor 1', 'nameFr': 'Vitesse du courant capteur 1', 'phenomenonId': '5d690f3d38604ef9646f03fb'}, {'id': '6037cab88815bd1bc7cf5264', 'code': 'wcd1', 'nameEn': 'Water current direction sensor 1', 'nameFr': 'Direction du courant capteur 1', 'phenomenonId': '5e4bf351305b990bbec4dfb9'}, {'id': '6037cad38815bd1bc7cf5288', 'code': 'wlp', 'nameEn': 'Water level predictions', 'nameFr': ""Prédictions de niveaux d'eau"", 'phenomenonId': '5ce598df487b84486892821c'}, {'id': '62c78900cebc396aa6450680', 'code': 'wlp-hilo', 'nameEn': 'High and Low Tide Predictions', 'nameFr': 'Prédictions de pleines et basses mers', 'phenomenonId': '5ce598df487b84486892821c'}]"
5cebf1e43d0f4a073c4bc385,10920,Gros Cap,True,46.529103,-84.586295,PERMANENT,"[{'id': '5cebf1e43d0f4a073c4bc380', 'code': 'wlo', 'nameEn': 'Water level official value', 'nameFr': ""Niveau d'eau, valeur officielle"", 'phenomenonId': '5ce598df487b84486892821c'}, {'id': '5ebac4a5ebf0686026512dc9', 'code': 'wlf', 'nameEn': 'Water level forecasts generated by the FMS', 'nameFr': ""Prévisions de niveaux d'eau générées par le FMS"", 'phenomenonId': '5ce598df487b84486892821c'}]"
603023f41113077897271273,09339,Pembina Terminal,True,54.236287,-130.303479,PERMANENT,"[{'id': '60302ed41113077897273506', 'code': 'wlo', 'nameEn': 'Water level official value', 'nameFr': ""Niveau d'eau, valeur officielle"", 'phenomenonId': '5ce598df487b84486892821c'}, {'id': '60302f201113077897273532', 'code': 'wlp', 'nameEn': 'Water level predictions', 'nameFr': ""Prédictions de niveaux d'eau"", 'phenomenonId': '5ce598df487b84486892821c'}, {'id': '60302f981113077897273672', 'code': 'wcs1', 'nameEn': 'Water current speed sensor 1', 'nameFr': 'Vitesse du courant capteur 1', 'phenomenonId': '5d690f3d38604ef9646f03fb'}, {'id': '60302fb11113077897273675', 'code': 'wcd1', 'nameEn': 'Water current direction sensor 1', 'nameFr': 'Direction du courant capteur 1', 'phenomenonId': '5e4bf351305b990bbec4dfb9'}, {'id': '60526e4cd013060f934d5bc7', 'code': 'wlp-hilo', 'nameEn': 'High and Low Tide Predictions', 'nameFr': 'Prédictions de pleines et basses mers', 'phenomenonId': '5ce598df487b84486892821c'}]"
5cebf1df3d0f4a073c4bbc24,00065,Saint John,True,45.254629,-66.059804,PERMANENT,"[{'id': '5cebf1df3d0f4a073c4bbc1e', 'code': 'wlp', 'nameEn': 'Water level predictions', 'nameFr': ""Prédictions de niveaux d'eau"", 'phenomenonId': '5ce598df487b84486892821c'}, {'id': '5cebf1df3d0f4a073c4bbc1f', 'code': 'wlf', 'nameEn': 'Water level forecasts generated by the FMS', 'nameFr': ""Prévisions de niveaux d'eau générées par le FMS"", 'phenomenonId': '5ce598df487b84486892821c'}, {'id': '5cebf1df3d0f4a073c4bbc20', 'code': 'wlo', 'nameEn': 'Water level official value', 'nameFr': ""Niveau d'eau, valeur officielle"", 'phenomenonId': '5ce598df487b84486892821c'}, {'id': '5cebf1df3d0f4a073c4bbc21', 'code': 'wl1', 'nameEn': 'Water level sensor 1', 'nameFr': ""Niveau d'eau, capteur 1"", 'phenomenonId': '5ce598df487b84486892821c'}, {'id': '5d9dd7c333a9f593161c3f29', 'code': 'wlp-hilo', 'nameEn': 'High and Low Tide Predictions', 'nameFr': 'Prédictions de pleines et basses mers', 'phenomenonId': '5ce598df487b84486892821c'}, {'id': '5eb00d669780460001bf88fc', 'code': 'wl2', 'nameEn': 'Water level sensor 2', 'nameFr': ""Niveau d'eau, capteur 2"", 'phenomenonId': '5ce598df487b84486892821c'}, {'id': '5eb00d879780460001bf89fb', 'code': 'wl3', 'nameEn': 'Water level sensor 3', 'nameFr': ""Niveau d'eau, capteur 3"", 'phenomenonId': '5ce598df487b84486892821c'}]"
5cebf1dd3d0f4a073c4bb8fd,05010,Churchill,True,58.773429,-94.1919,PERMANENT,"[{'id': '5cebf1dd3d0f4a073c4bb8fc', 'code': 'wlp', 'nameEn': 'Water level predictions', 'nameFr': ""Prédictions de niveaux d'eau"", 'phenomenonId': '5ce598df487b84486892821c'}, {'id': '5d9dd7b833a9f593161c3e3c', 'code': 'wlp-hilo', 'nameEn': 'High and Low Tide Predictions', 'nameFr': 'Prédictions de pleines et basses mers', 'phenomenonId': '5ce598df487b84486892821c'}, {'id': '5dd306f3e0fdc4b9b4bfd2b6', 'code': 'wlo', 'nameEn': 'Water level official value', 'nameFr': ""Niveau d'eau, valeur officielle"", 'phenomenonId': '5ce598df487b84486892821c'}, {'id': '5ebb00b0ebf068602652f6a3', 'code': 'wlf', 'nameEn': 'Water level forecasts generated by the FMS', 'nameFr': ""Prévisions de niveaux d'eau générées par le FMS"", 'phenomenonId': '5ce598df487b84486892821c'}]"
5cebf1e33d0f4a073c4bc28f,02000,Lower Escuminac,True,47.0797337,-64.8856629,PERMANENT,"[{'id': '5cebf1e33d0f4a073c4bc289', 'code': 'wlp', 'nameEn': 'Water level predictions', 'nameFr': ""Prédictions de niveaux d'eau"", 'phenomenonId': '5ce598df487b84486892821c'}, {'id': '5cebf1e33d0f4a073c4bc28b', 'code': 'wlf', 'nameEn': 'Water level forecasts generated by the FMS', 'nameFr': ""Prévisions de niveaux d'eau générées par le FMS"", 'phenomenonId': '5ce598df487b84486892821c'}, {'id': '5cebf1e33d0f4a073c4bc28d', 'code': 'wlo', 'nameEn': 'Water level official value', 'nameFr': ""Niveau d'eau, valeur officielle"", 'phenomenonId': '5ce598df487b84486892821c'}, {'id': '5d9dd7db33a9f593161c417e', 'code': 'wlp-hilo', 'nameEn': 'High and Low Tide Predictions', 'nameFr': 'Prédictions de pleines et basses mers', 'phenomenonId': '5ce598df487b84486892821c'}]"
5cebf1de3d0f4a073c4bb91e,09130,Hartley Bay,True,53.424213,-129.251877,PERMANENT,"[{'id': '5cebf1de3d0f4a073c4bb919', 'code': 'wlp', 'nameEn': 'Water level predictions', 'nameFr': ""Prédictions de niveaux d'eau"", 'phenomenonId': '5ce598df487b84486892821c'}, {'id': '5cebf1de3d0f4a073c4bb91a', 'code': 'wlo', 'nameEn': 'Water level official value', 'nameFr': ""Niveau d'eau, valeur officielle"", 'phenomenonId': '5ce598df487b84486892821c'}, {'id': '5cebf1de3d0f4a073c4bb91b', 'code': 'wlf', 'nameEn': 'Water level forecasts generated by the FMS', 'nameFr': ""Prévisions de niveaux d'eau générées par le FMS"", 'phenomenonId': '5ce598df487b84486892821c'}, {'id': '5d9dd7b933a9f593161c3e4a', 'code': 'wlp-hilo', 'nameEn': 'High and Low Tide Predictions', 'nameFr': 'Prédictions de pleines et basses mers', 'phenomenonId': '5ce598df487b84486892821c'}]"
5cebf1e23d0f4a073c4bc075,08595,Ucluelet,True,48.947,-125.552,TEMPORARY,"[{'id': '5cebf1e23d0f4a073c4bc074', 'code': 'wlp', 'nameEn': 'Water level predictions', 'nameFr': ""Prédictions de niveaux d'eau"", 'phenomenonId': '5ce598df487b84486892821c'}, {'id': '5d9dd7d333a9f593161c40ab', 'code': 'wlp-hilo', 'nameEn': 'High and Low Tide Predictions', 'nameFr': 'Prédictions de pleines et basses mers', 'phenomenonId': '5ce598df487b84486892821c'}, {'id': '5dd306f3e0fdc4b9b4bfdb0b', 'code': 'wlo', 'nameEn': 'Water level official value', 'nameFr': ""Niveau d'eau, valeur officielle"", 'phenomenonId': '5ce598df487b84486892821c'}, {'id': '6065e3b35b532e47accf1ff9', 'code': 'wlf', 'nameEn': 'Water level forecasts generated by the FMS', 'nameFr': ""Prévisions de niveaux d'eau générées par le FMS"", 'phenomenonId': '5ce598df487b84486892821c'}]"
5cebf1e43d0f4a073c4bc389,11010,Sault Ste Marie - Below Locks,True,46.511248,-84.34326,PERMANENT,"[{'id': '5d950b007f30850001a80e4f', 'code': 'wlo', 'nameEn': 'Water level official value', 'nameFr': ""Niveau d'eau, valeur officielle"", 'phenomenonId': '5ce598df487b84486892821c'}, {'id': '5ebabea0ebf068602650fd94', 'code': 'wlf', 'nameEn': 'Water level forecasts generated by the FMS', 'nameFr': ""Prévisions de niveaux d'eau générées par le FMS"", 'phenomenonId': '5ce598df487b84486892821c'}]"
5e9f0e03ce811b0001887ac4,16007,Rivière des Mille Îles,True,45.662778,-73.751944,TEMPORARY,"[{'id': '5e9f0e9bce811b0001887acc', 'code': 'wlo', 'nameEn': 'Water level official value', 'nameFr': ""Niveau d'eau, valeur officielle"", 'phenomenonId': '5ce598df487b84486892821c'}]"
5dd3064fe0fdc4b9b4be69f8,15913,Saint-Jean-sur-Richelieu,True,45.302222,-73.25,TEMPORARY,"[{'id': '5eb2c819ebf06860264825e0', 'code': 'wlo', 'nameEn': 'Water level official value', 'nameFr': ""Niveau d'eau, valeur officielle"", 'phenomenonId': '5ce598df487b84486892821c'}]"
5cebf1e03d0f4a073c4bbe04,15660,Varennes,True,45.684306,-73.443694,PERMANENT,"[{'id': '5cebf1e03d0f4a073c4bbdfb', 'code': 'wlp', 'nameEn': 'Water level predictions', 'nameFr': ""Prédictions de niveaux d'eau"", 'phenomenonId': '5ce598df487b84486892821c'}, {'id': '5cebf1e03d0f4a073c4bbdfd', 'code': 'wlo', 'nameEn': 'Water level official value', 'nameFr': ""Niveau d'eau, valeur officielle"", 'phenomenonId': '5ce598df487b84486892821c'}, {'id': '5dc1c1b26828eee38e1e092c', 'code': 'wlf-spine', 'nameEn': 'Water level forecasts generated by SPINE', 'nameFr': ""Prévisions de niveaux d'eau générées par SPINE"", 'phenomenonId': '5ce598df487b84486892821c'}]"
5cebf1e43d0f4a073c4bc487,11375,Parry Sound,True,45.33855,-80.035882,PERMANENT,"[{'id': '5cebf1e43d0f4a073c4bc483', 'code': 'wlo', 'nameEn': 'Water level official value', 'nameFr': ""Niveau d'eau, valeur officielle"", 'phenomenonId': '5ce598df487b84486892821c'}, {'id': '5ebabfe1ebf0686026510721', 'code': 'wlf', 'nameEn': 'Water level forecasts generated by the FMS', 'nameFr': ""Prévisions de niveaux d'eau générées par le FMS"", 'phenomenonId': '5ce598df487b84486892821c'}]"
5cebf1de3d0f4a073c4bbad5,03100,Saint-François I.O.,True,46.9965,-70.808167,PERMANENT,"[{'id': '5cebf1de3d0f4a073c4bbac5', 'code': 'wlo', 'nameEn': 'Water level official value', 'nameFr': ""Niveau d'eau, valeur officielle"", 'phenomenonId': '5ce598df487b84486892821c'}, {'id': '5cebf1de3d0f4a073c4bbacb', 'code': 'wt2', 'nameEn': 'Water temperature sensor 2', 'nameFr': ""Température de l'eau, capteur 2"", 'phenomenonId': '5ce598df487b84486892821f'}, {'id': '5cebf1de3d0f4a073c4bbacc', 'code': 'wlp', 'nameEn': 'Water level predictions', 'nameFr': ""Prédictions de niveaux d'eau"", 'phenomenonId': '5ce598df487b84486892821c'}, {'id': '5d9dd7c033a9f593161c3ee6', 'code': 'wlp-hilo', 'nameEn': 'High and Low Tide Predictions', 'nameFr': 'Prédictions de pleines et basses mers', 'phenomenonId': '5ce598df487b84486892821c'}, {'id': '5dc1c1b16828eee38e1e0920', 'code': 'wlf-spine', 'nameEn': 'Water level forecasts generated by SPINE', 'nameFr': ""Prévisions de niveaux d'eau générées par SPINE"", 'phenomenonId': '5ce598df487b84486892821c'}]"
5cebf1df3d0f4a073c4bbbc6,03460,Port-Alfred,True,48.3339,-70.869267,PERMANENT,"[{'id': '5cebf1df3d0f4a073c4bbbb3', 'code': 'wlo', 'nameEn': 'Water level official value', 'nameFr': ""Niveau d'eau, valeur officielle"", 'phenomenonId': '5ce598df487b84486892821c'}, {'id': '5cebf1df3d0f4a073c4bbbb8', 'code': 'wlf', 'nameEn': 'Water level forecasts generated by the FMS', 'nameFr': ""Prévisions de niveaux d'eau générées par le FMS"", 'phenomenonId': '5ce598df487b84486892821c'}, {'id': '5cebf1df3d0f4a073c4bbbba', 'code': 'wt1', 'nameEn': 'Water temperature sensor 1', 'nameFr': ""Température de l'eau, capteur 1"", 'phenomenonId': '5ce598df487b84486892821f'}, {'id': '5cebf1df3d0f4a073c4bbbbc', 'code': 'wlp', 'nameEn': 'Water level predictions', 'nameFr': ""Prédictions de niveaux d'eau"", 'phenomenonId': '5ce598df487b84486892821c'}, {'id': '5cebf1df3d0f4a073c4bbbbf', 'code': 'ws1', 'nameEn': 'Water salinity sensor 1', 'nameFr': ""Salinité de l'eau, capteur 1"", 'phenomenonId': '5ce598df487b84486892821d'}, {'id': '5d9dd7c233a9f593161c3f08', 'code': 'wlp-hilo', 'nameEn': 'High and Low Tide Predictions', 'nameFr': 'Prédictions de pleines et basses mers', 'phenomenonId': '5ce598df487b84486892821c'}]"
5cebf1df3d0f4a073c4bbd2d,07277,Patricia Bay,True,48.6536,-123.4515,PERMANENT,"[{'id': '5cebf1df3d0f4a073c4bbd28', 'code': 'wlo', 'nameEn': 'Water level official value', 'nameFr': ""Niveau d'eau, valeur officielle"", 'phenomenonId': '5ce598df487b84486892821c'}, {'id': '5cebf1df3d0f4a073c4bbd29', 'code': 'wlf', 'nameEn': 'Water level forecasts generated by the FMS', 'nameFr': ""Prévisions de niveaux d'eau générées par le FMS"", 'phenomenonId': '5ce598df487b84486892821c'}, {'id': '5cebf1df3d0f4a073c4bbd2a', 'code': 'wlp', 'nameEn': 'Water level predictions', 'nameFr': ""Prédictions de niveaux d'eau"", 'phenomenonId': '5ce598df487b84486892821c'}, {'id': '5d9dd7c833a9f593161c3fa3', 'code': 'wlp-hilo', 'nameEn': 'High and Low Tide Predictions', 'nameFr': 'Prédictions de pleines et basses mers', 'phenomenonId': '5ce598df487b84486892821c'}, {'id': '5f1f72043f842620ef81fb46', 'code': 'ap1', 'nameEn': 'Atmospheric pressure sensor 1', 'nameFr': 'Pression atmosphérique, capteur 1', 'phenomenonId': '5ce598df487b84486892821e'}]"
5cebf1e23d0f4a073c4bbfac,00491,Bedford Institute,True,44.682262,-63.613239,PERMANENT,"[{'id': '5cebf1e23d0f4a073c4bbfa8', 'code': 'wlp', 'nameEn': 'Water level predictions', 'nameFr': ""Prédictions de niveaux d'eau"", 'phenomenonId': '5ce598df487b84486892821c'}, {'id': '5cebf1e23d0f4a073c4bbfa9', 'code': 'wlf', 'nameEn': 'Water level forecasts generated by the FMS', 'nameFr': ""Prévisions de niveaux d'eau générées par le FMS"", 'phenomenonId': '5ce598df487b84486892821c'}, {'id': '5cebf1e23d0f4a073c4bbfaa', 'code': 'wlo', 'nameEn': 'Water level official value', 'nameFr': ""Niveau d'eau, valeur officielle"", 'phenomenonId': '5ce598df487b84486892821c'}, {'id': '5d9dd7cf33a9f593161c4055', 'code': 'wlp-hilo', 'nameEn': 'High and Low Tide Predictions', 'nameFr': 'Prédictions de pleines et basses mers', 'phenomenonId': '5ce598df487b84486892821c'}]"
5cebf1e33d0f4a073c4bc138,00665,Port aux Basques,True,47.580133,-59.139111,PERMANENT,"[{'id': '5cebf1e33d0f4a073c4bc132', 'code': 'wlo', 'nameEn': 'Water level official value', 'nameFr': ""Niveau d'eau, valeur officielle"", 'phenomenonId': '5ce598df487b84486892821c'}, {'id': '5cebf1e33d0f4a073c4bc134', 'code': 'wlf', 'nameEn': 'Water level forecasts generated by the FMS', 'nameFr': ""Prévisions de niveaux d'eau générées par le FMS"", 'phenomenonId': '5ce598df487b84486892821c'}, {'id': '5cebf1e33d0f4a073c4bc135', 'code': 'wlp', 'nameEn': 'Water level predictions', 'nameFr': ""Prédictions de niveaux d'eau"", 'phenomenonId': '5ce598df487b84486892821c'}, {'id': '5d9dd7d633a9f593161c40f1', 'code': 'wlp-hilo', 'nameEn': 'High and Low Tide Predictions', 'nameFr': 'Prédictions de pleines et basses mers', 'phenomenonId': '5ce598df487b84486892821c'}]"
5cebf1e43d0f4a073c4bc347,02780,Sept-Îles,True,50.19483333,-66.37683333,PERMANENT,"[{'id': '5cebf1e43d0f4a073c4bc336', 'code': 'wt1', 'nameEn': 'Water temperature sensor 1', 'nameFr': ""Température de l'eau, capteur 1"", 'phenomenonId': '5ce598df487b84486892821f'}, {'id': '5cebf1e43d0f4a073c4bc339', 'code': 'ws1', 'nameEn': 'Water salinity sensor 1', 'nameFr': ""Salinité de l'eau, capteur 1"", 'phenomenonId': '5ce598df487b84486892821d'}, {'id': '5cebf1e43d0f4a073c4bc33c', 'code': 'wlo', 'nameEn': 'Water level official value', 'nameFr': ""Niveau d'eau, valeur officielle"", 'phenomenonId': '5ce598df487b84486892821c'}, {'id': '5cebf1e43d0f4a073c4bc33d', 'code': 'wlp', 'nameEn': 'Water level predictions', 'nameFr': ""Prédictions de niveaux d'eau"", 'phenomenonId': '5ce598df487b84486892821c'}, {'id': '5cebf1e43d0f4a073c4bc340', 'code': 'wlf', 'nameEn': 'Water level forecasts generated by the FMS', 'nameFr': ""Prévisions de niveaux d'eau générées par le FMS"", 'phenomenonId': '5ce598df487b84486892821c'}, {'id': '5d9dd7de33a9f593161c41bf', 'code': 'wlp-hilo', 'nameEn': 'High and Low Tide Predictions', 'nameFr': 'Prédictions de pleines et basses mers', 'phenomenonId': '5ce598df487b84486892821c'}]"
5cebf1df3d0f4a073c4bbbe7,03765,Alert,True,82.494152,-62.3096,PERMANENT,"[{'id': '5cebf1df3d0f4a073c4bbbe3', 'code': 'wlp', 'nameEn': 'Water level predictions', 'nameFr': ""Prédictions de niveaux d'eau"", 'phenomenonId': '5ce598df487b84486892821c'}, {'id': '5cebf1df3d0f4a073c4bbbe4', 'code': 'wlo', 'nameEn': 'Water level official value', 'nameFr': ""Niveau d'eau, valeur officielle"", 'phenomenonId': '5ce598df487b84486892821c'}, {'id': '5d9dd7c233a9f593161c3f0e', 'code': 'wlp-hilo', 'nameEn': 'High and Low Tide Predictions', 'nameFr': 'Prédictions de pleines et basses mers', 'phenomenonId': '5ce598df487b84486892821c'}]"
5cebf1e03d0f4a073c4bbd70,14870,Cornwall,True,45.01473,-74.711514,PERMANENT,"[{'id': '5cebf1e03d0f4a073c4bbd6d', 'code': 'wlo', 'nameEn': 'Water level official value', 'nameFr': ""Niveau d'eau, valeur officielle"", 'phenomenonId': '5ce598df487b84486892821c'}, {'id': '5ebae807ebf0686026520d59', 'code': 'wlf', 'nameEn': 'Water level forecasts generated by the FMS', 'nameFr': ""Prévisions de niveaux d'eau générées par le FMS"", 'phenomenonId': '5ce598df487b84486892821c'}]"
5cebf1e33d0f4a073c4bc23e,01805,Shediac Bay,True,46.227204,-64.545839,PERMANENT,"[{'id': '5cebf1e33d0f4a073c4bc238', 'code': 'wlf', 'nameEn': 'Water level forecasts generated by the FMS', 'nameFr': ""Prévisions de niveaux d'eau générées par le FMS"", 'phenomenonId': '5ce598df487b84486892821c'}, {'id': '5cebf1e33d0f4a073c4bc239', 'code': 'wlo', 'nameEn': 'Water level official value', 'nameFr': ""Niveau d'eau, valeur officielle"", 'phenomenonId': '5ce598df487b84486892821c'}, {'id': '5cebf1e33d0f4a073c4bc23b', 'code': 'wlp', 'nameEn': 'Water level predictions', 'nameFr': ""Prédictions de niveaux d'eau"", 'phenomenonId': '5ce598df487b84486892821c'}, {'id': '5d9dd7da33a9f593161c4166', 'code': 'wlp-hilo', 'nameEn': 'High and Low Tide Predictions', 'nameFr': 'Prédictions de pleines et basses mers', 'phenomenonId': '5ce598df487b84486892821c'}]"
5cebf1e23d0f4a073c4bc0fc,10050,Thunder Bay,True,48.409398,-89.217299,PERMANENT,"[{'id': '5cebf1e23d0f4a073c4bc0f8', 'code': 'wlo', 'nameEn': 'Water level official value', 'nameFr': ""Niveau d'eau, valeur officielle"", 'phenomenonId': '5ce598df487b84486892821c'}, {'id': '5ebac5c9ebf068602651335b', 'code': 'wlf', 'nameEn': 'Water level forecasts generated by the FMS', 'nameFr': ""Prévisions de niveaux d'eau générées par le FMS"", 'phenomenonId': '5ce598df487b84486892821c'}]"
5cebf1e43d0f4a073c4bc397,11500,Collingwood,True,44.508407,-80.220098,PERMANENT,"[{'id': '5cebf1e43d0f4a073c4bc394', 'code': 'wlo', 'nameEn': 'Water level official value', 'nameFr': ""Niveau d'eau, valeur officielle"", 'phenomenonId': '5ce598df487b84486892821c'}, {'id': '5ebac076ebf0686026510d6d', 'code': 'wlf', 'nameEn': 'Water level forecasts generated by the FMS', 'nameFr': ""Prévisions de niveaux d'eau générées par le FMS"", 'phenomenonId': '5ce598df487b84486892821c'}]"
5cebf1e43d0f4a073c4bc3d8,13030,Port Weller,True,43.236713,-79.219639,PERMANENT,"[{'id': '5cebf1e43d0f4a073c4bc3d2', 'code': 'wlo', 'nameEn': 'Water level official value', 'nameFr': ""Niveau d'eau, valeur officielle"", 'phenomenonId': '5ce598df487b84486892821c'}, {'id': '5ebac23aebf0686026511b55', 'code': 'wlf', 'nameEn': 'Water level forecasts generated by the FMS', 'nameFr': ""Prévisions de niveaux d'eau générées par le FMS"", 'phenomenonId': '5ce598df487b84486892821c'}]"
5dd3064fe0fdc4b9b4be6974,07720,Lions Gate                ,True,49.31539,-123.1387,TEMPORARY,"[{'id': '6244a2114d70901efb18ed09', 'code': 'dvc1', 'nameEn': 'Dynamic Vertical Clearance sensor 1', 'nameFr': 'Dégagement Vertical Dynamique, capteur 1', 'phenomenonId': '5dcc62f0df3df63661194835'}, {'id': '6245da8f4d70901efb1cceb8', 'code': 'wlp', 'nameEn': 'Water level predictions', 'nameFr': ""Prédictions de niveaux d'eau"", 'phenomenonId': '5ce598df487b84486892821c'}]"
5cebf1de3d0f4a073c4bb96d,07917,Nanaimo Harbour,True,49.1628,-123.9235,PERMANENT,"[{'id': '5cebf1de3d0f4a073c4bb967', 'code': 'wlf', 'nameEn': 'Water level forecasts generated by the FMS', 'nameFr': ""Prévisions de niveaux d'eau générées par le FMS"", 'phenomenonId': '5ce598df487b84486892821c'}, {'id': '5cebf1de3d0f4a073c4bb969', 'code': 'wlp', 'nameEn': 'Water level predictions', 'nameFr': ""Prédictions de niveaux d'eau"", 'phenomenonId': '5ce598df487b84486892821c'}, {'id': '5cebf1de3d0f4a073c4bb96a', 'code': 'wlo', 'nameEn': 'Water level official value', 'nameFr': ""Niveau d'eau, valeur officielle"", 'phenomenonId': '5ce598df487b84486892821c'}, {'id': '5d9dd7ba33a9f593161c3e65', 'code': 'wlp-hilo', 'nameEn': 'High and Low Tide Predictions', 'nameFr': 'Prédictions de pleines et basses mers', 'phenomenonId': '5ce598df487b84486892821c'}]"
5cebf1e43d0f4a073c4bc43b,07786,Sandy Cove,True,49.3405,-123.2319,PERMANENT,"[{'id': '5cebf1e43d0f4a073c4bc435', 'code': 'wlo', 'nameEn': 'Water level official value', 'nameFr': ""Niveau d'eau, valeur officielle"", 'phenomenonId': '5ce598df487b84486892821c'}, {'id': '5cebf1e43d0f4a073c4bc438', 'code': 'wlf', 'nameEn': 'Water level forecasts generated by the FMS', 'nameFr': ""Prévisions de niveaux d'eau générées par le FMS"", 'phenomenonId': '5ce598df487b84486892821c'}, {'id': '5cebf1e43d0f4a073c4bc439', 'code': 'wlp', 'nameEn': 'Water level predictions', 'nameFr': ""Prédictions de niveaux d'eau"", 'phenomenonId': '5ce598df487b84486892821c'}, {'id': '5d9dd7e033a9f593161c41ef', 'code': 'wlp-hilo', 'nameEn': 'High and Low Tide Predictions', 'nameFr': 'Prédictions de pleines et basses mers', 'phenomenonId': '5ce598df487b84486892821c'}]"
5cebf1e43d0f4a073c4bc4c3,02330,Rivière-au-Renard,True,48.997,-64.3805,PERMANENT,"[{'id': '5cebf1e43d0f4a073c4bc4b1', 'code': 'wlf', 'nameEn': 'Water level forecasts generated by the FMS', 'nameFr': ""Prévisions de niveaux d'eau générées par le FMS"", 'phenomenonId': '5ce598df487b84486892821c'}, {'id': '5cebf1e43d0f4a073c4bc4b2', 'code': 'wlo', 'nameEn': 'Water level official value', 'nameFr': ""Niveau d'eau, valeur officielle"", 'phenomenonId': '5ce598df487b84486892821c'}, {'id': '5cebf1e43d0f4a073c4bc4b3', 'code': 'wt3', 'nameEn': 'Water temperature sensor 3', 'nameFr': ""Température de l'eau, capteur 3"", 'phenomenonId': '5ce598df487b84486892821f'}, {'id': '5cebf1e43d0f4a073c4bc4ba', 'code': 'wlp', 'nameEn': 'Water level predictions', 'nameFr': ""Prédictions de niveaux d'eau"", 'phenomenonId': '5ce598df487b84486892821c'}, {'id': '5cebf1e43d0f4a073c4bc4bb', 'code': 'ws2', 'nameEn': 'Water salinity sensor 2', 'nameFr': ""Salinité de l'eau, capteur 2"", 'phenomenonId': '5ce598df487b84486892821d'}, {'id': '5d9dd7e133a9f593161c41fd', 'code': 'wlp-hilo', 'nameEn': 'High and Low Tide Predictions', 'nameFr': 'Prédictions de pleines et basses mers', 'phenomenonId': '5ce598df487b84486892821c'}]"
5cebf1e43d0f4a073c4bc44d,09341,Porpoise Channel East,True,54.21515,-130.28906,PERMANENT,"[{'id': '5cebf1e43d0f4a073c4bc448', 'code': 'wlo', 'nameEn': 'Water level official value', 'nameFr': ""Niveau d'eau, valeur officielle"", 'phenomenonId': '5ce598df487b84486892821c'}, {'id': '5cebf1e43d0f4a073c4bc449', 'code': 'wlp', 'nameEn': 'Water level predictions', 'nameFr': ""Prédictions de niveaux d'eau"", 'phenomenonId': '5ce598df487b84486892821c'}, {'id': '5cebf1e43d0f4a073c4bc44a', 'code': 'wlf', 'nameEn': 'Water level forecasts generated by the FMS', 'nameFr': ""Prévisions de niveaux d'eau générées par le FMS"", 'phenomenonId': '5ce598df487b84486892821c'}, {'id': '5d9dd7e033a9f593161c41f2', 'code': 'wlp-hilo', 'nameEn': 'High and Low Tide Predictions', 'nameFr': 'Prédictions de pleines et basses mers', 'phenomenonId': '5ce598df487b84486892821c'}, {'id': '60524c0ed013060f934d4527', 'code': 'wcs1', 'nameEn': 'Water current speed sensor 1', 'nameFr': 'Vitesse du courant capteur 1', 'phenomenonId': '5d690f3d38604ef9646f03fb'}, {'id': '60524c3bd013060f934d456f', 'code': 'wcd1', 'nameEn': 'Water current direction sensor 1', 'nameFr': 'Direction du courant capteur 1', 'phenomenonId': '5e4bf351305b990bbec4dfb9'}, {'id': '6303c3fe535de47166645076', 'code': 'wcsp', 'nameEn': 'Water current speed predictions', 'nameFr': ""Prédictions de vitesse du courant d'eau"", 'phenomenonId': '5d690f3d38604ef9646f03fb'}, {'id': '6303c3fe535de47166645077', 'code': 'wcsp-extrema', 'nameEn': 'Water current speed predictions extrema', 'nameFr': 'Extrema des prédictions de la vitesse du courant', 'phenomenonId': '5d690f3d38604ef9646f03fb'}, {'id': '6303c3fe535de47166645078', 'code': 'wcdp', 'nameEn': 'Water current direction predictions', 'nameFr': ""Prédictions de la direction du courant d'eau"", 'phenomenonId': '5e4bf351305b990bbec4dfb9'}, {'id': '6303c3fe535de47166645079', 'code': 'wcdp-extrema', 'nameEn': 'Water current direction predictions extrema', 'nameFr': 'Extrema des prédictions de la direction du courant', 'phenomenonId': '5e4bf351305b990bbec4dfb9'}]"
5cebf1e23d0f4a073c4bc060,08525,Port Renfrew,True,48.555,-124.421,PERMANENT,"[{'id': '5cebf1e23d0f4a073c4bc05c', 'code': 'wlo', 'nameEn': 'Water level official value', 'nameFr': ""Niveau d'eau, valeur officielle"", 'phenomenonId': '5ce598df487b84486892821c'}, {'id': '5cebf1e23d0f4a073c4bc05e', 'code': 'wlp', 'nameEn': 'Water level predictions', 'nameFr': ""Prédictions de niveaux d'eau"", 'phenomenonId': '5ce598df487b84486892821c'}, {'id': '5d9dd7d333a9f593161c40a3', 'code': 'wlp-hilo', 'nameEn': 'High and Low Tide Predictions', 'nameFr': 'Prédictions de pleines et basses mers', 'phenomenonId': '5ce598df487b84486892821c'}, {'id': '606f10b71e5a777a2b50da08', 'code': 'wlf', 'nameEn': 'Water level forecasts generated by the FMS', 'nameFr': ""Prévisions de niveaux d'eau générées par le FMS"", 'phenomenonId': '5ce598df487b84486892821c'}]"
5cebf1e43d0f4a073c4bc387,10980,Sault Ste Marie - Above Locks,True,46.512293,-84.367217,PERMANENT,"[{'id': '5d9507667f30850001a80e20', 'code': 'wlo', 'nameEn': 'Water level official value', 'nameFr': ""Niveau d'eau, valeur officielle"", 'phenomenonId': '5ce598df487b84486892821c'}, {'id': '5ebac444ebf0686026512af6', 'code': 'wlf', 'nameEn': 'Water level forecasts generated by the FMS', 'nameFr': ""Prévisions de niveaux d'eau générées par le FMS"", 'phenomenonId': '5ce598df487b84486892821c'}]"
5cebf1e43d0f4a073c4bc3a9,11940,Point Edward,True,42.991306,-82.421464,PERMANENT,"[{'id': '5cebf1e43d0f4a073c4bc3a6', 'code': 'wlo', 'nameEn': 'Water level official value', 'nameFr': ""Niveau d'eau, valeur officielle"", 'phenomenonId': '5ce598df487b84486892821c'}, {'id': '5ebac76debf0686026514284', 'code': 'wlf', 'nameEn': 'Water level forecasts generated by the FMS', 'nameFr': ""Prévisions de niveaux d'eau générées par le FMS"", 'phenomenonId': '5ce598df487b84486892821c'}]"
5cebf1e43d0f4a073c4bc3c8,12400,Port Stanley,True,42.657911,-81.213685,PERMANENT,"[{'id': '5cebf1e43d0f4a073c4bc3c4', 'code': 'wlo', 'nameEn': 'Water level official value', 'nameFr': ""Niveau d'eau, valeur officielle"", 'phenomenonId': '5ce598df487b84486892821c'}, {'id': '5ebabd0aebf068602650f040', 'code': 'wlf', 'nameEn': 'Water level forecasts generated by the FMS', 'nameFr': ""Prévisions de niveaux d'eau générées par le FMS"", 'phenomenonId': '5ce598df487b84486892821c'}]"
5cebf1e03d0f4a073c4bbe32,15930,Sorel,True,46.047167,-73.115667,PERMANENT,"[{'id': '5cebf1e03d0f4a073c4bbe24', 'code': 'wlo', 'nameEn': 'Water level official value', 'nameFr': ""Niveau d'eau, valeur officielle"", 'phenomenonId': '5ce598df487b84486892821c'}, {'id': '5cebf1e03d0f4a073c4bbe27', 'code': 'wlp', 'nameEn': 'Water level predictions', 'nameFr': ""Prédictions de niveaux d'eau"", 'phenomenonId': '5ce598df487b84486892821c'}, {'id': '5cebf1e03d0f4a073c4bbe2b', 'code': 'wt1', 'nameEn': 'Water temperature sensor 1', 'nameFr': ""Température de l'eau, capteur 1"", 'phenomenonId': '5ce598df487b84486892821f'}, {'id': '5dc1c1b26828eee38e1e092e', 'code': 'wlf-spine', 'nameEn': 'Water level forecasts generated by SPINE', 'nameFr': ""Prévisions de niveaux d'eau générées par SPINE"", 'phenomenonId': '5ce598df487b84486892821c'}]"
5cebf1e33d0f4a073c4bc2b8,02145,Belledune,True,47.910665,-65.845518,PERMANENT,"[{'id': '5cebf1e33d0f4a073c4bc2b2', 'code': 'wlo', 'nameEn': 'Water level official value', 'nameFr': ""Niveau d'eau, valeur officielle"", 'phenomenonId': '5ce598df487b84486892821c'}, {'id': '5cebf1e33d0f4a073c4bc2b3', 'code': 'wlf', 'nameEn': 'Water level forecasts generated by the FMS', 'nameFr': ""Prévisions de niveaux d'eau générées par le FMS"", 'phenomenonId': '5ce598df487b84486892821c'}, {'id': '5cebf1e33d0f4a073c4bc2b5', 'code': 'wlp', 'nameEn': 'Water level predictions', 'nameFr': ""Prédictions de niveaux d'eau"", 'phenomenonId': '5ce598df487b84486892821c'}, {'id': '5d9dd7dc33a9f593161c4190', 'code': 'wlp-hilo', 'nameEn': 'High and Low Tide Predictions', 'nameFr': 'Prédictions de pleines et basses mers', 'phenomenonId': '5ce598df487b84486892821c'}]"
5cebf1de3d0f4a073c4bba06,09354,Prince Rupert,True,54.317,-130.324,PERMANENT,"[{'id': '5cebf1de3d0f4a073c4bba00', 'code': 'wlf', 'nameEn': 'Water level forecasts generated by the FMS', 'nameFr': ""Prévisions de niveaux d'eau générées par le FMS"", 'phenomenonId': '5ce598df487b84486892821c'}, {'id': '5cebf1de3d0f4a073c4bba02', 'code': 'wlp', 'nameEn': 'Water level predictions', 'nameFr': ""Prédictions de niveaux d'eau"", 'phenomenonId': '5ce598df487b84486892821c'}, {'id': '5cebf1de3d0f4a073c4bba04', 'code': 'wlo', 'nameEn': 'Water level official value', 'nameFr': ""Niveau d'eau, valeur officielle"", 'phenomenonId': '5ce598df487b84486892821c'}, {'id': '5d9dd7be33a9f593161c3eaa', 'code': 'wlp-hilo', 'nameEn': 'High and Low Tide Predictions', 'nameFr': 'Prédictions de pleines et basses mers', 'phenomenonId': '5ce598df487b84486892821c'}]"
5cebf1de3d0f4a073c4bb943,07735,Vancouver,True,49.2863,-123.0997,PERMANENT,"[{'id': '5cebf1de3d0f4a073c4bb93d', 'code': 'wlo', 'nameEn': 'Water level official value', 'nameFr': ""Niveau d'eau, valeur officielle"", 'phenomenonId': '5ce598df487b84486892821c'}, {'id': '5cebf1de3d0f4a073c4bb93e', 'code': 'wlf', 'nameEn': 'Water level forecasts generated by the FMS', 'nameFr': ""Prévisions de niveaux d'eau générées par le FMS"", 'phenomenonId': '5ce598df487b84486892821c'}, {'id': '5cebf1de3d0f4a073c4bb93f', 'code': 'wlp', 'nameEn': 'Water level predictions', 'nameFr': ""Prédictions de niveaux d'eau"", 'phenomenonId': '5ce598df487b84486892821c'}, {'id': '5d9dd7b933a9f593161c3e55', 'code': 'wlp-hilo', 'nameEn': 'High and Low Tide Predictions', 'nameFr': 'Prédictions de pleines et basses mers', 'phenomenonId': '5ce598df487b84486892821c'}]"
